path,label,generator,p_detector,score_kind
images/coco_val2017_112798__real_coco.png,0,real_coco,0.325011,out_of_fold_cv5
images/coco_val2017_114871__real_coco.png,0,real_coco,0.548342,out_of_fold_cv5
images/coco_val2017_117492__real_coco.png,0,real_coco,0.418007,out_of_fold_cv5
images/coco_val2017_119038__real_coco.png,0,real_coco,0.455685,out_of_fold_cv5
images/coco_val2017_122046__real_coco.png,0,real_coco,0.396595,out_of_fold_cv5
images/coco_val2017_132116__real_coco.png,0,real_coco,0.412589,out_of_fold_cv5
images/coco_val2017_142472__real_coco.png,0,real_coco,0.689912,out_of_fold_cv5
images/coco_val2017_1425__real_coco.png,0,real_coco,0.788815,out_of_fold_cv5
images/coco_val2017_143931__real_coco.png,0,real_coco,0.500382,out_of_fold_cv5
images/coco_val2017_143998__real_coco.png,0,real_coco,0.501175,out_of_fold_cv5
images/coco_val2017_145665__real_coco.png,0,real_coco,0.449267,out_of_fold_cv5
images/coco_val2017_147740__real_coco.png,0,real_coco,0.375734,out_of_fold_cv5
images/coco_val2017_15254__real_coco.png,0,real_coco,0.472983,out_of_fold_cv5
images/coco_val2017_153632__real_coco.png,0,real_coco,0.469189,out_of_fold_cv5
images/coco_val2017_158548__real_coco.png,0,real_coco,0.430424,out_of_fold_cv5
images/coco_val2017_163290__real_coco.png,0,real_coco,0.456388,out_of_fold_cv5
images/coco_val2017_165257__real_coco.png,0,real_coco,0.295881,out_of_fold_cv5
images/coco_val2017_169996__real_coco.png,0,real_coco,0.169403,out_of_fold_cv5
images/coco_val2017_174231__real_coco.png,0,real_coco,0.37538,out_of_fold_cv5
images/coco_val2017_182805__real_coco.png,0,real_coco,0.157619,out_of_fold_cv5
images/coco_val2017_191471__real_coco.png,0,real_coco,0.457815,out_of_fold_cv5
images/coco_val2017_197004__real_coco.png,0,real_coco,0.25609,out_of_fold_cv5
images/coco_val2017_198489__real_coco.png,0,real_coco,0.646227,out_of_fold_cv5
images/coco_val2017_209222__real_coco.png,0,real_coco,0.6144,out_of_fold_cv5
images/coco_val2017_212226__real_coco.png,0,real_coco,0.458155,out_of_fold_cv5
images/coco_val2017_219485__real_coco.png,0,real_coco,0.914496,out_of_fold_cv5
images/coco_val2017_228144__real_coco.png,0,real_coco,0.460386,out_of_fold_cv5
images/coco_val2017_231237__real_coco.png,0,real_coco,0.249543,out_of_fold_cv5
images/coco_val2017_231527__real_coco.png,0,real_coco,0.515404,out_of_fold_cv5
images/coco_val2017_231879__real_coco.png,0,real_coco,0.381259,out_of_fold_cv5
images/coco_val2017_245513__real_coco.png,0,real_coco,0.406671,out_of_fold_cv5
images/coco_val2017_246883__real_coco.png,0,real_coco,0.342588,out_of_fold_cv5
images/coco_val2017_253433__real_coco.png,0,real_coco,0.26249,out_of_fold_cv5
images/coco_val2017_280891__real_coco.png,0,real_coco,0.423182,out_of_fold_cv5
images/coco_val2017_288584__real_coco.png,0,real_coco,0.269427,out_of_fold_cv5
images/coco_val2017_289659__real_coco.png,0,real_coco,0.362088,out_of_fold_cv5
images/coco_val2017_295420__real_coco.png,0,real_coco,0.322512,out_of_fold_cv5
images/coco_val2017_297595__real_coco.png,0,real_coco,0.538572,out_of_fold_cv5
images/coco_val2017_30213__real_coco.png,0,real_coco,0.393211,out_of_fold_cv5
images/coco_val2017_309452__real_coco.png,0,real_coco,0.317776,out_of_fold_cv5
images/coco_val2017_311909__real_coco.png,0,real_coco,0.680887,out_of_fold_cv5
images/coco_val2017_314294__real_coco.png,0,real_coco,0.27461,out_of_fold_cv5
images/coco_val2017_320425__real_coco.png,0,real_coco,0.489979,out_of_fold_cv5
images/coco_val2017_321333__real_coco.png,0,real_coco,0.513722,out_of_fold_cv5
images/coco_val2017_324927__real_coco.png,0,real_coco,0.298962,out_of_fold_cv5
images/coco_val2017_32735__real_coco.png,0,real_coco,0.766082,out_of_fold_cv5
images/coco_val2017_330790__real_coco.png,0,real_coco,0.161296,out_of_fold_cv5
images/coco_val2017_335328__real_coco.png,0,real_coco,0.484782,out_of_fold_cv5
images/coco_val2017_346905__real_coco.png,0,real_coco,0.662996,out_of_fold_cv5
images/coco_val2017_352491__real_coco.png,0,real_coco,0.413222,out_of_fold_cv5
images/coco_val2017_353051__real_coco.png,0,real_coco,0.225871,out_of_fold_cv5
images/coco_val2017_356261__real_coco.png,0,real_coco,0.338768,out_of_fold_cv5
images/coco_val2017_357903__real_coco.png,0,real_coco,0.178473,out_of_fold_cv5
images/coco_val2017_360951__real_coco.png,0,real_coco,0.491445,out_of_fold_cv5
images/coco_val2017_36494__real_coco.png,0,real_coco,0.288936,out_of_fold_cv5
images/coco_val2017_365745__real_coco.png,0,real_coco,0.341003,out_of_fold_cv5
images/coco_val2017_3661__real_coco.png,0,real_coco,0.436041,out_of_fold_cv5
images/coco_val2017_368900__real_coco.png,0,real_coco,0.512998,out_of_fold_cv5
images/coco_val2017_376900__real_coco.png,0,real_coco,0.393426,out_of_fold_cv5
images/coco_val2017_383838__real_coco.png,0,real_coco,0.640769,out_of_fold_cv5
images/coco_val2017_384850__real_coco.png,0,real_coco,0.43341,out_of_fold_cv5
images/coco_val2017_387383__real_coco.png,0,real_coco,0.694396,out_of_fold_cv5
images/coco_val2017_389812__real_coco.png,0,real_coco,0.315932,out_of_fold_cv5
images/coco_val2017_396568__real_coco.png,0,real_coco,0.495172,out_of_fold_cv5
images/coco_val2017_405691__real_coco.png,0,real_coco,0.315163,out_of_fold_cv5
images/coco_val2017_40757__real_coco.png,0,real_coco,0.32241,out_of_fold_cv5
images/coco_val2017_409268__real_coco.png,0,real_coco,0.547027,out_of_fold_cv5
images/coco_val2017_41488__real_coco.png,0,real_coco,0.843975,out_of_fold_cv5
images/coco_val2017_415238__real_coco.png,0,real_coco,0.450979,out_of_fold_cv5
images/coco_val2017_41872__real_coco.png,0,real_coco,0.411294,out_of_fold_cv5
images/coco_val2017_424721__real_coco.png,0,real_coco,0.202667,out_of_fold_cv5
images/coco_val2017_428280__real_coco.png,0,real_coco,0.443455,out_of_fold_cv5
images/coco_val2017_433980__real_coco.png,0,real_coco,0.624202,out_of_fold_cv5
images/coco_val2017_442323__real_coco.png,0,real_coco,0.33394,out_of_fold_cv5
images/coco_val2017_459272__real_coco.png,0,real_coco,0.443158,out_of_fold_cv5
images/coco_val2017_462371__real_coco.png,0,real_coco,0.137311,out_of_fold_cv5
images/coco_val2017_463918__real_coco.png,0,real_coco,0.230855,out_of_fold_cv5
images/coco_val2017_466156__real_coco.png,0,real_coco,0.490073,out_of_fold_cv5
images/coco_val2017_481404__real_coco.png,0,real_coco,0.755842,out_of_fold_cv5
images/coco_val2017_495054__real_coco.png,0,real_coco,0.643723,out_of_fold_cv5
images/coco_val2017_496571__real_coco.png,0,real_coco,0.303822,out_of_fold_cv5
images/coco_val2017_501523__real_coco.png,0,real_coco,0.512124,out_of_fold_cv5
images/coco_val2017_5037__real_coco.png,0,real_coco,0.540287,out_of_fold_cv5
images/coco_val2017_513688__real_coco.png,0,real_coco,0.392143,out_of_fold_cv5
images/coco_val2017_526751__real_coco.png,0,real_coco,0.640726,out_of_fold_cv5
images/coco_val2017_529528__real_coco.png,0,real_coco,0.397816,out_of_fold_cv5
images/coco_val2017_539962__real_coco.png,0,real_coco,0.294623,out_of_fold_cv5
images/coco_val2017_552842__real_coco.png,0,real_coco,0.520277,out_of_fold_cv5
images/coco_val2017_555005__real_coco.png,0,real_coco,0.381669,out_of_fold_cv5
images/coco_val2017_561335__real_coco.png,0,real_coco,0.361533,out_of_fold_cv5
images/coco_val2017_574315__real_coco.png,0,real_coco,0.417843,out_of_fold_cv5
images/coco_val2017_577584__real_coco.png,0,real_coco,0.37392,out_of_fold_cv5
images/coco_val2017_578922__real_coco.png,0,real_coco,0.482558,out_of_fold_cv5
images/coco_val2017_62808__real_coco.png,0,real_coco,0.318936,out_of_fold_cv5
images/coco_val2017_80340__real_coco.png,0,real_coco,0.636759,out_of_fold_cv5
images/coco_val2017_81738__real_coco.png,0,real_coco,0.266578,out_of_fold_cv5
images/coco_val2017_83540__real_coco.png,0,real_coco,0.780324,out_of_fold_cv5
images/coco_val2017_885__real_coco.png,0,real_coco,0.503476,out_of_fold_cv5
images/coco_val2017_89045__real_coco.png,0,real_coco,0.302659,out_of_fold_cv5
images/coco_val2017_95155__real_coco.png,0,real_coco,0.400661,out_of_fold_cv5
images/synthbuster_plus_r002fc3e2t__midjourney_v5.png,1,midjourney-v5,0.467449,out_of_fold_cv5
images/synthbuster_plus_r00444b95t__raise1k.png,0,raise1k,0.735948,out_of_fold_cv5
images/synthbuster_plus_r007f5116t__stable_diffusion_2.png,1,stable-diffusion-2,0.906194,out_of_fold_cv5
images/synthbuster_plus_r00879054t__raise1k.png,0,raise1k,0.319738,out_of_fold_cv5
images/synthbuster_plus_r00a940e1t__raise1k.png,0,raise1k,0.330649,out_of_fold_cv5
images/synthbuster_plus_r00b8d4a2t__raise1k.png,0,raise1k,0.359109,out_of_fold_cv5
images/synthbuster_plus_r00c0995ft__raise1k.png,0,raise1k,0.656758,out_of_fold_cv5
images/synthbuster_plus_r00d161b7t__raise1k.png,0,raise1k,0.587285,out_of_fold_cv5
images/synthbuster_plus_r010cb248t__FLUX_1_dev.png,1,FLUX.1-dev,0.819957,out_of_fold_cv5
images/synthbuster_plus_r01292fd8t__firefly.png,1,firefly,0.838827,out_of_fold_cv5
images/synthbuster_plus_r012b0f30t__stable_diffusion_2.png,1,stable-diffusion-2,0.955499,out_of_fold_cv5
images/synthbuster_plus_r012d1dbet__imagen3.png,1,imagen3,0.53094,out_of_fold_cv5
images/synthbuster_plus_r0141f0c9t__stable_diffusion_2.png,1,stable-diffusion-2,0.788937,out_of_fold_cv5
images/synthbuster_plus_r01511e3et__glide.png,1,glide,0.51278,out_of_fold_cv5
images/synthbuster_plus_r0176fbcat__raise1k.png,0,raise1k,0.529363,out_of_fold_cv5
images/synthbuster_plus_r017904f0t__firefly.png,1,firefly,0.844355,out_of_fold_cv5
images/synthbuster_plus_r019eb1cbt__FLUX_1_dev.png,1,FLUX.1-dev,0.432669,out_of_fold_cv5
images/synthbuster_plus_r01a31693t__stable_diffusion_1_4.png,1,stable-diffusion-1-4,0.318456,out_of_fold_cv5
images/synthbuster_plus_r01a5f38at__imagen3.png,1,imagen3,0.760715,out_of_fold_cv5
images/synthbuster_plus_r01b3f004t__dalle2.png,1,dalle2,0.246677,out_of_fold_cv5
images/synthbuster_plus_r01ef1b4at__FLUX_1_dev.png,1,FLUX.1-dev,0.803816,out_of_fold_cv5
images/synthbuster_plus_r0200a7a6t__midjourney_v5.png,1,midjourney-v5,0.918239,out_of_fold_cv5
images/synthbuster_plus_r0207a52ct__raise1k.png,0,raise1k,0.355785,out_of_fold_cv5
images/synthbuster_plus_r02508493t__glide.png,1,glide,0.656578,out_of_fold_cv5
images/synthbuster_plus_r026b5360t__stable_diffusion_1_3.png,1,stable-diffusion-1-3,0.327346,out_of_fold_cv5
images/synthbuster_plus_r02897203t__dalle2.png,1,dalle2,0.793745,out_of_fold_cv5
images/synthbuster_plus_r029afdb0t__midjourney_v5.png,1,midjourney-v5,0.392364,out_of_fold_cv5
images/synthbuster_plus_r02d732f8t__midjourney_v5.png,1,midjourney-v5,0.739666,out_of_fold_cv5
images/synthbuster_plus_r035ef2c2t__stable_diffusion_1_4.png,1,stable-diffusion-1-4,0.275861,out_of_fold_cv5
images/synthbuster_plus_r03640e97t__stable_diffusion_xl.png,1,stable-diffusion-xl,0.890651,out_of_fold_cv5
images/synthbuster_plus_r036e2a9at__FLUX_1_schnell.png,1,FLUX.1-schnell,0.783295,out_of_fold_cv5
images/synthbuster_plus_r0383e9c3t__stable_diffusion_1_3.png,1,stable-diffusion-1-3,0.695079,out_of_fold_cv5
images/synthbuster_plus_r03995a8ct__FLUX_1_schnell.png,1,FLUX.1-schnell,0.627232,out_of_fold_cv5
images/synthbuster_plus_r039a5ef5t__stable_diffusion_1_4.png,1,stable-diffusion-1-4,0.767402,out_of_fold_cv5
images/synthbuster_plus_r03d2a758t__imagen3.png,1,imagen3,0.691156,out_of_fold_cv5
images/synthbuster_plus_r03ed2669t__stable_diffusion_2.png,1,stable-diffusion-2,0.342162,out_of_fold_cv5
images/synthbuster_plus_r0417f5e3t__SD3_medium.png,1,SD3-medium,0.286049,out_of_fold_cv5
images/synthbuster_plus_r042d5308t__stable_diffusion_1_3.png,1,stable-diffusion-1-3,0.631832,out_of_fold_cv5
images/synthbuster_plus_r0438eb97t__dalle3.png,1,dalle3,0.487194,out_of_fold_cv5
images/synthbuster_plus_r045be2act__stable_diffusion_1_4.png,1,stable-diffusion-1-4,0.857954,out_of_fold_cv5
images/synthbuster_plus_r0465565ct__stable_diffusion_1_3.png,1,stable-diffusion-1-3,0.696026,out_of_fold_cv5
images/synthbuster_plus_r049f471dt__raise1k.png,0,raise1k,0.431243,out_of_fold_cv5
images/synthbuster_plus_r04aceb4et__firefly.png,1,firefly,0.485962,out_of_fold_cv5
images/synthbuster_plus_r04c566a0t__raise1k.png,0,raise1k,0.664143,out_of_fold_cv5
images/synthbuster_plus_r04cfa379t__raise1k.png,0,raise1k,0.547336,out_of_fold_cv5
images/synthbuster_plus_r04e7644dt__firefly.png,1,firefly,0.646727,out_of_fold_cv5
images/synthbuster_plus_r0518cf5dt__FLUX_1_schnell.png,1,FLUX.1-schnell,0.485691,out_of_fold_cv5
images/synthbuster_plus_r056c0ee6t__stable_diffusion_xl.png,1,stable-diffusion-xl,0.582991,out_of_fold_cv5
images/synthbuster_plus_r05772356t__raise1k.png,0,raise1k,0.336308,out_of_fold_cv5
images/synthbuster_plus_r05839451t__stable_diffusion_2.png,1,stable-diffusion-2,0.86916,out_of_fold_cv5
images/synthbuster_plus_r05f66e6dt__raise1k.png,0,raise1k,0.727285,out_of_fold_cv5
images/synthbuster_plus_r062cab38t__midjourney_v5.png,1,midjourney-v5,0.953338,out_of_fold_cv5
images/synthbuster_plus_r066358d3t__raise1k.png,0,raise1k,0.408359,out_of_fold_cv5
images/synthbuster_plus_r0667a51ft__FLUX_1_schnell.png,1,FLUX.1-schnell,0.38539,out_of_fold_cv5
images/synthbuster_plus_r068812d7t__SD3_medium.png,1,SD3-medium,0.699131,out_of_fold_cv5
images/synthbuster_plus_r069e346et__SD3_medium.png,1,SD3-medium,0.582804,out_of_fold_cv5
images/synthbuster_plus_r06bfc92at__stable_diffusion_1_3.png,1,stable-diffusion-1-3,0.304484,out_of_fold_cv5
images/synthbuster_plus_r0744a10et__raise1k.png,0,raise1k,0.782892,out_of_fold_cv5
images/synthbuster_plus_r0773471dt__raise1k.png,0,raise1k,0.775152,out_of_fold_cv5
images/synthbuster_plus_r07b99141t__raise1k.png,0,raise1k,0.449322,out_of_fold_cv5
images/synthbuster_plus_r07c51648t__raise1k.png,0,raise1k,0.618148,out_of_fold_cv5
images/synthbuster_plus_r07db8a54t__raise1k.png,0,raise1k,0.753789,out_of_fold_cv5
images/synthbuster_plus_r07df029bt__raise1k.png,0,raise1k,0.289044,out_of_fold_cv5
images/synthbuster_plus_r07f99a1at__SD3_medium.png,1,SD3-medium,0.638299,out_of_fold_cv5
images/synthbuster_plus_r08079988t__firefly.png,1,firefly,0.628539,out_of_fold_cv5
images/synthbuster_plus_r08307e1at__glide.png,1,glide,0.623466,out_of_fold_cv5
images/synthbuster_plus_r083b7636t__dalle3.png,1,dalle3,0.796818,out_of_fold_cv5
images/synthbuster_plus_r085a5f53t__FLUX_1_dev.png,1,FLUX.1-dev,0.652083,out_of_fold_cv5
images/synthbuster_plus_r085bdbe2t__dalle2.png,1,dalle2,0.210816,out_of_fold_cv5
images/synthbuster_plus_r08873591t__FLUX_1_dev.png,1,FLUX.1-dev,0.611935,out_of_fold_cv5
images/synthbuster_plus_r08b04f65t__glide.png,1,glide,0.754252,out_of_fold_cv5
images/synthbuster_plus_r08b05c94t__midjourney_v5.png,1,midjourney-v5,0.623702,out_of_fold_cv5
images/synthbuster_plus_r08b41f18t__dalle2.png,1,dalle2,0.436649,out_of_fold_cv5
images/synthbuster_plus_r08c76321t__raise1k.png,0,raise1k,0.432822,out_of_fold_cv5
images/synthbuster_plus_r096982ddt__raise1k.png,0,raise1k,0.523652,out_of_fold_cv5
images/synthbuster_plus_r097088c1t__raise1k.png,0,raise1k,0.621468,out_of_fold_cv5
images/synthbuster_plus_r0985dc6ct__glide.png,1,glide,0.635569,out_of_fold_cv5
images/synthbuster_plus_r09b86185t__FLUX_1_dev.png,1,FLUX.1-dev,0.477918,out_of_fold_cv5
images/synthbuster_plus_r09d7cd4et__FLUX_1_dev.png,1,FLUX.1-dev,0.410761,out_of_fold_cv5
images/synthbuster_plus_r09f764ect__stable_diffusion_1_4.png,1,stable-diffusion-1-4,0.403477,out_of_fold_cv5
images/synthbuster_plus_r09ff1dcet__FLUX_1_dev.png,1,FLUX.1-dev,0.53037,out_of_fold_cv5
images/synthbuster_plus_r0a2e85f0t__stable_diffusion_2.png,1,stable-diffusion-2,0.656833,out_of_fold_cv5
images/synthbuster_plus_r0a3c52a0t__firefly.png,1,firefly,0.624194,out_of_fold_cv5
images/synthbuster_plus_r0a5d7cb6t__dalle3.png,1,dalle3,0.69104,out_of_fold_cv5
images/synthbuster_plus_r0a8b59bbt__stable_diffusion_1_3.png,1,stable-diffusion-1-3,0.860401,out_of_fold_cv5
images/synthbuster_plus_r0aaa70c3t__midjourney_v5.png,1,midjourney-v5,0.817209,out_of_fold_cv5
images/synthbuster_plus_r0ab0a205t__dalle3.png,1,dalle3,0.701619,out_of_fold_cv5
images/synthbuster_plus_r0b0e2ba5t__dalle3.png,1,dalle3,0.71614,out_of_fold_cv5
images/synthbuster_plus_r0b42926ct__dalle3.png,1,dalle3,0.795681,out_of_fold_cv5
images/synthbuster_plus_r0b5a3035t__stable_diffusion_2.png,1,stable-diffusion-2,0.677638,out_of_fold_cv5
images/synthbuster_plus_r0b5b85d0t__firefly.png,1,firefly,0.581714,out_of_fold_cv5
images/synthbuster_plus_r0b755540t__FLUX_1_schnell.png,1,FLUX.1-schnell,0.714605,out_of_fold_cv5
images/synthbuster_plus_r0bc1a779t__firefly.png,1,firefly,0.7359,out_of_fold_cv5
images/synthbuster_plus_r0bc7d0eet__dalle2.png,1,dalle2,0.857654,out_of_fold_cv5
images/synthbuster_plus_r0bdc7894t__midjourney_v5.png,1,midjourney-v5,0.727221,out_of_fold_cv5
images/synthbuster_plus_r0bf7f938t__imagen3.png,1,imagen3,0.507082,out_of_fold_cv5
images/synthbuster_plus_r0c3a8ea0t__FLUX_1_schnell.png,1,FLUX.1-schnell,0.816963,out_of_fold_cv5
images/synthbuster_plus_r0c5e9567t__raise1k.png,0,raise1k,0.443235,out_of_fold_cv5
images/synthbuster_plus_r0c764979t__glide.png,1,glide,0.467983,out_of_fold_cv5
images/synthbuster_plus_r0c8f3ce5t__firefly.png,1,firefly,0.912426,out_of_fold_cv5
images/synthbuster_plus_r0c925d34t__dalle3.png,1,dalle3,0.884919,out_of_fold_cv5
images/synthbuster_plus_r0c9e4ff8t__raise1k.png,0,raise1k,0.420709,out_of_fold_cv5
images/synthbuster_plus_r0cbdc6f8t__raise1k.png,0,raise1k,0.293461,out_of_fold_cv5
images/synthbuster_plus_r0cea5432t__raise1k.png,0,raise1k,0.782545,out_of_fold_cv5
images/synthbuster_plus_r0d0ff43at__stable_diffusion_1_3.png,1,stable-diffusion-1-3,0.554976,out_of_fold_cv5
images/synthbuster_plus_r0d0ff4c2t__raise1k.png,0,raise1k,0.746082,out_of_fold_cv5
images/synthbuster_plus_r0d1dd61ft__stable_diffusion_xl.png,1,stable-diffusion-xl,0.882633,out_of_fold_cv5
images/synthbuster_plus_r0d8d62edt__stable_diffusion_1_4.png,1,stable-diffusion-1-4,0.369718,out_of_fold_cv5
images/synthbuster_plus_r0db31c3ft__SD3_medium.png,1,SD3-medium,0.841947,out_of_fold_cv5
images/synthbuster_plus_r0db6cc31t__raise1k.png,0,raise1k,0.384964,out_of_fold_cv5
images/synthbuster_plus_r0dd60980t__firefly.png,1,firefly,0.858899,out_of_fold_cv5
images/synthbuster_plus_r0dd6e8f4t__raise1k.png,0,raise1k,0.165697,out_of_fold_cv5
images/synthbuster_plus_r0dd7b354t__firefly.png,1,firefly,0.381992,out_of_fold_cv5
images/synthbuster_plus_r0deb6dadt__raise1k.png,0,raise1k,0.449227,out_of_fold_cv5
images/synthbuster_plus_r0e04cc91t__dalle3.png,1,dalle3,0.79783,out_of_fold_cv5
images/synthbuster_plus_r0e1a6e2ft__FLUX_1_schnell.png,1,FLUX.1-schnell,0.595682,out_of_fold_cv5
images/synthbuster_plus_r0e9b0485t__FLUX_1_dev.png,1,FLUX.1-dev,0.467686,out_of_fold_cv5
images/synthbuster_plus_r0eab8214t__FLUX_1_dev.png,1,FLUX.1-dev,0.372837,out_of_fold_cv5
images/synthbuster_plus_r0eb8dfb5t__FLUX_1_schnell.png,1,FLUX.1-schnell,0.703869,out_of_fold_cv5
images/synthbuster_plus_r0ebb0bb4t__stable_diffusion_xl.png,1,stable-diffusion-xl,0.782969,out_of_fold_cv5
images/synthbuster_plus_r0ed019a4t__glide.png,1,glide,0.749001,out_of_fold_cv5
images/synthbuster_plus_r0edb165ft__dalle3.png,1,dalle3,0.781384,out_of_fold_cv5
images/synthbuster_plus_r0f2e6baft__FLUX_1_schnell.png,1,FLUX.1-schnell,0.253621,out_of_fold_cv5
images/synthbuster_plus_r0f86049ct__raise1k.png,0,raise1k,0.70452,out_of_fold_cv5
images/synthbuster_plus_r0f979863t__midjourney_v5.png,1,midjourney-v5,0.434537,out_of_fold_cv5
images/synthbuster_plus_r0fae3dbdt__glide.png,1,glide,0.31138,out_of_fold_cv5
images/synthbuster_plus_r101eab0dt__stable_diffusion_1_4.png,1,stable-diffusion-1-4,0.887515,out_of_fold_cv5
images/synthbuster_plus_r1023c21et__SD3_medium.png,1,SD3-medium,0.847579,out_of_fold_cv5
images/synthbuster_plus_r104153eat__dalle2.png,1,dalle2,0.799346,out_of_fold_cv5
images/synthbuster_plus_r10893508t__FLUX_1_dev.png,1,FLUX.1-dev,0.516243,out_of_fold_cv5
images/synthbuster_plus_r108ae9b6t__raise1k.png,0,raise1k,0.388857,out_of_fold_cv5
images/synthbuster_plus_r10940798t__raise1k.png,0,raise1k,0.629857,out_of_fold_cv5
images/synthbuster_plus_r10a207det__dalle3.png,1,dalle3,0.669738,out_of_fold_cv5
images/synthbuster_plus_r10a9ca2at__raise1k.png,0,raise1k,0.538212,out_of_fold_cv5
images/synthbuster_plus_r10f2ac48t__firefly.png,1,firefly,0.777729,out_of_fold_cv5
images/synthbuster_plus_r110f894ft__raise1k.png,0,raise1k,0.568495,out_of_fold_cv5
images/synthbuster_plus_r1126b615t__raise1k.png,0,raise1k,0.672561,out_of_fold_cv5
images/synthbuster_plus_r113402d4t__dalle2.png,1,dalle2,0.571359,out_of_fold_cv5
images/synthbuster_plus_r1138e1aft__stable_diffusion_xl.png,1,stable-diffusion-xl,0.883676,out_of_fold_cv5
images/synthbuster_plus_r113b7fb4t__dalle3.png,1,dalle3,0.745418,out_of_fold_cv5
images/synthbuster_plus_r11a5b93dt__imagen3.png,1,imagen3,0.61376,out_of_fold_cv5
images/synthbuster_plus_r11aa1ee3t__firefly.png,1,firefly,0.792377,out_of_fold_cv5
images/synthbuster_plus_r11d981d2t__dalle2.png,1,dalle2,0.700897,out_of_fold_cv5
images/synthbuster_plus_r1218b33at__stable_diffusion_2.png,1,stable-diffusion-2,0.472578,out_of_fold_cv5
images/synthbuster_plus_r121f7893t__glide.png,1,glide,0.569378,out_of_fold_cv5
images/synthbuster_plus_r123ca9b3t__imagen3.png,1,imagen3,0.768551,out_of_fold_cv5
images/synthbuster_plus_r125034a9t__stable_diffusion_1_3.png,1,stable-diffusion-1-3,0.339304,out_of_fold_cv5
images/synthbuster_plus_r125442fat__dalle2.png,1,dalle2,0.286076,out_of_fold_cv5
images/synthbuster_plus_r12c1798bt__FLUX_1_dev.png,1,FLUX.1-dev,0.919277,out_of_fold_cv5
images/synthbuster_plus_r12daa983t__stable_diffusion_1_4.png,1,stable-diffusion-1-4,0.269531,out_of_fold_cv5
images/synthbuster_plus_r12f02af5t__imagen3.png,1,imagen3,0.862567,out_of_fold_cv5
images/synthbuster_plus_r131a8f7et__glide.png,1,glide,0.739094,out_of_fold_cv5
images/synthbuster_plus_r1322c4d6t__FLUX_1_schnell.png,1,FLUX.1-schnell,0.300315,out_of_fold_cv5
images/synthbuster_plus_r13493fa3t__glide.png,1,glide,0.278055,out_of_fold_cv5
images/synthbuster_plus_r134ba6abt__stable_diffusion_xl.png,1,stable-diffusion-xl,0.771608,out_of_fold_cv5
images/synthbuster_plus_r13907965t__stable_diffusion_1_3.png,1,stable-diffusion-1-3,0.665643,out_of_fold_cv5
images/synthbuster_plus_r13934dc7t__FLUX_1_schnell.png,1,FLUX.1-schnell,0.542891,out_of_fold_cv5
images/synthbuster_plus_r13ae7d1et__midjourney_v5.png,1,midjourney-v5,0.565277,out_of_fold_cv5
images/synthbuster_plus_r13b45303t__imagen3.png,1,imagen3,0.533626,out_of_fold_cv5
images/synthbuster_plus_r13c7e92dt__raise1k.png,0,raise1k,0.761486,out_of_fold_cv5
images/synthbuster_plus_r13f26c35t__stable_diffusion_1_4.png,1,stable-diffusion-1-4,0.771112,out_of_fold_cv5
images/synthbuster_plus_r141665bdt__stable_diffusion_xl.png,1,stable-diffusion-xl,0.601205,out_of_fold_cv5
images/synthbuster_plus_r142335f0t__SD3_medium.png,1,SD3-medium,0.582587,out_of_fold_cv5
images/synthbuster_plus_r142787e2t__imagen3.png,1,imagen3,0.621502,out_of_fold_cv5
images/synthbuster_plus_r142b504bt__SD3_medium.png,1,SD3-medium,0.408857,out_of_fold_cv5
images/synthbuster_plus_r144e095dt__raise1k.png,0,raise1k,0.320431,out_of_fold_cv5
images/synthbuster_plus_r144f25eet__imagen3.png,1,imagen3,0.424418,out_of_fold_cv5
images/synthbuster_plus_r14a51689t__dalle3.png,1,dalle3,0.725008,out_of_fold_cv5
images/synthbuster_plus_r14a595b6t__stable_diffusion_1_3.png,1,stable-diffusion-1-3,0.883965,out_of_fold_cv5
images/synthbuster_plus_r14df59fet__dalle3.png,1,dalle3,0.731501,out_of_fold_cv5
images/synthbuster_plus_r14f241e4t__dalle2.png,1,dalle2,0.638483,out_of_fold_cv5
images/synthbuster_plus_r15499cd8t__raise1k.png,0,raise1k,0.329077,out_of_fold_cv5
images/synthbuster_plus_r1570dd6at__glide.png,1,glide,0.383469,out_of_fold_cv5
images/synthbuster_plus_r15885978t__raise1k.png,0,raise1k,0.515706,out_of_fold_cv5
images/synthbuster_plus_r15919202t__raise1k.png,0,raise1k,0.216982,out_of_fold_cv5
images/synthbuster_plus_r1594b4b3t__raise1k.png,0,raise1k,0.608154,out_of_fold_cv5
images/synthbuster_plus_r159d3942t__raise1k.png,0,raise1k,0.509774,out_of_fold_cv5
images/synthbuster_plus_r15efd876t__raise1k.png,0,raise1k,0.602484,out_of_fold_cv5
images/synthbuster_plus_r15f07f9dt__dalle2.png,1,dalle2,0.784443,out_of_fold_cv5
images/synthbuster_plus_r15f16465t__SD3_medium.png,1,SD3-medium,0.36009,out_of_fold_cv5
images/synthbuster_plus_r1602555bt__SD3_medium.png,1,SD3-medium,0.620049,out_of_fold_cv5
images/synthbuster_plus_r16113cc8t__raise1k.png,0,raise1k,0.269227,out_of_fold_cv5
images/synthbuster_plus_r162b2209t__stable_diffusion_1_3.png,1,stable-diffusion-1-3,0.791175,out_of_fold_cv5
images/synthbuster_plus_r163967d4t__stable_diffusion_1_4.png,1,stable-diffusion-1-4,0.70494,out_of_fold_cv5
images/synthbuster_plus_r1639a65ct__raise1k.png,0,raise1k,0.910985,out_of_fold_cv5
images/synthbuster_plus_r1644d874t__raise1k.png,0,raise1k,0.357992,out_of_fold_cv5
images/synthbuster_plus_r1645a09ct__raise1k.png,0,raise1k,0.222967,out_of_fold_cv5
images/synthbuster_plus_r165355c0t__SD3_medium.png,1,SD3-medium,0.484608,out_of_fold_cv5
images/synthbuster_plus_r1661f358t__dalle2.png,1,dalle2,0.727882,out_of_fold_cv5
images/synthbuster_plus_r16698b6et__stable_diffusion_2.png,1,stable-diffusion-2,0.62053,out_of_fold_cv5
images/synthbuster_plus_r1683028at__FLUX_1_dev.png,1,FLUX.1-dev,0.502549,out_of_fold_cv5
images/synthbuster_plus_r16d46fa3t__dalle2.png,1,dalle2,0.541849,out_of_fold_cv5
images/synthbuster_plus_r16d6c35dt__stable_diffusion_1_3.png,1,stable-diffusion-1-3,0.29393,out_of_fold_cv5
images/synthbuster_plus_r170b020bt__raise1k.png,0,raise1k,0.441046,out_of_fold_cv5
images/synthbuster_plus_r171eeaf8t__raise1k.png,0,raise1k,0.560632,out_of_fold_cv5
images/synthbuster_plus_r173ee7e8t__dalle3.png,1,dalle3,0.914062,out_of_fold_cv5
images/synthbuster_plus_r17492cd5t__stable_diffusion_2.png,1,stable-diffusion-2,0.913452,out_of_fold_cv5
images/synthbuster_plus_r175da907t__raise1k.png,0,raise1k,0.195941,out_of_fold_cv5
images/synthbuster_plus_r179bb406t__FLUX_1_dev.png,1,FLUX.1-dev,0.525509,out_of_fold_cv5
images/synthbuster_plus_r17c76042t__FLUX_1_dev.png,1,FLUX.1-dev,0.74814,out_of_fold_cv5
images/synthbuster_plus_r17f60607t__stable_diffusion_xl.png,1,stable-diffusion-xl,0.495162,out_of_fold_cv5
images/synthbuster_plus_r1800ab47t__imagen3.png,1,imagen3,0.543772,out_of_fold_cv5
images/synthbuster_plus_r180bcbd7t__raise1k.png,0,raise1k,0.550133,out_of_fold_cv5
images/synthbuster_plus_r1810ba7at__midjourney_v5.png,1,midjourney-v5,0.498476,out_of_fold_cv5
images/synthbuster_plus_r181768b7t__dalle3.png,1,dalle3,0.944801,out_of_fold_cv5
images/synthbuster_plus_r1824034et__raise1k.png,0,raise1k,0.516173,out_of_fold_cv5
images/synthbuster_plus_r18791531t__dalle3.png,1,dalle3,0.628253,out_of_fold_cv5
images/synthbuster_plus_r18798194t__midjourney_v5.png,1,midjourney-v5,0.691428,out_of_fold_cv5
images/synthbuster_plus_r18d866e1t__midjourney_v5.png,1,midjourney-v5,0.783678,out_of_fold_cv5
images/synthbuster_plus_r18fafe10t__stable_diffusion_xl.png,1,stable-diffusion-xl,0.752032,out_of_fold_cv5
images/synthbuster_plus_r1900f7c7t__glide.png,1,glide,0.787355,out_of_fold_cv5
images/synthbuster_plus_r191488c6t__imagen3.png,1,imagen3,0.763805,out_of_fold_cv5
images/synthbuster_plus_r1915909et__dalle2.png,1,dalle2,0.819664,out_of_fold_cv5
images/synthbuster_plus_r19183258t__stable_diffusion_1_4.png,1,stable-diffusion-1-4,0.735342,out_of_fold_cv5
images/synthbuster_plus_r198ae140t__imagen3.png,1,imagen3,0.863354,out_of_fold_cv5
images/synthbuster_plus_r19be5c05t__dalle2.png,1,dalle2,0.322584,out_of_fold_cv5
images/synthbuster_plus_r19d92967t__stable_diffusion_1_4.png,1,stable-diffusion-1-4,0.415986,out_of_fold_cv5
images/synthbuster_plus_r1a170ddbt__firefly.png,1,firefly,0.777832,out_of_fold_cv5
images/synthbuster_plus_r1a2095b2t__FLUX_1_dev.png,1,FLUX.1-dev,0.607437,out_of_fold_cv5
images/synthbuster_plus_r1a60a2bdt__FLUX_1_schnell.png,1,FLUX.1-schnell,0.818355,out_of_fold_cv5
images/synthbuster_plus_r1a9acd94t__FLUX_1_schnell.png,1,FLUX.1-schnell,0.651751,out_of_fold_cv5
images/synthbuster_plus_r1aa4cc99t__glide.png,1,glide,0.765013,out_of_fold_cv5
images/synthbuster_plus_r1aa63558t__FLUX_1_schnell.png,1,FLUX.1-schnell,0.646697,out_of_fold_cv5
images/synthbuster_plus_r1b106abdt__SD3_medium.png,1,SD3-medium,0.625943,out_of_fold_cv5
images/synthbuster_plus_r1b57dbb2t__raise1k.png,0,raise1k,0.525484,out_of_fold_cv5
images/synthbuster_plus_r1b61c7b1t__FLUX_1_schnell.png,1,FLUX.1-schnell,0.535309,out_of_fold_cv5
images/synthbuster_plus_r1bc355f2t__FLUX_1_schnell.png,1,FLUX.1-schnell,0.443908,out_of_fold_cv5
images/synthbuster_plus_r1bc3dd23t__stable_diffusion_1_3.png,1,stable-diffusion-1-3,0.409952,out_of_fold_cv5
images/synthbuster_plus_r1bcfab73t__raise1k.png,0,raise1k,0.383817,out_of_fold_cv5
images/synthbuster_plus_r1bdb6385t__midjourney_v5.png,1,midjourney-v5,0.440975,out_of_fold_cv5
images/synthbuster_plus_r1c146589t__dalle2.png,1,dalle2,0.75039,out_of_fold_cv5
images/synthbuster_plus_r1c1e3ec9t__midjourney_v5.png,1,midjourney-v5,0.792171,out_of_fold_cv5
images/synthbuster_plus_r1c31a90bt__raise1k.png,0,raise1k,0.15103,out_of_fold_cv5
images/synthbuster_plus_r1c402787t__raise1k.png,0,raise1k,0.32594,out_of_fold_cv5
images/synthbuster_plus_r1c4ae120t__raise1k.png,0,raise1k,0.621867,out_of_fold_cv5
images/synthbuster_plus_r1c5ec853t__firefly.png,1,firefly,0.427018,out_of_fold_cv5
images/synthbuster_plus_r1c9fc42at__raise1k.png,0,raise1k,0.611986,out_of_fold_cv5
images/synthbuster_plus_r1c9fdcf4t__FLUX_1_schnell.png,1,FLUX.1-schnell,0.737187,out_of_fold_cv5
images/synthbuster_plus_r1ca0784dt__raise1k.png,0,raise1k,0.401743,out_of_fold_cv5
images/synthbuster_plus_r1cfe520bt__stable_diffusion_xl.png,1,stable-diffusion-xl,0.672826,out_of_fold_cv5
images/synthbuster_plus_r1d1445b6t__raise1k.png,0,raise1k,0.385414,out_of_fold_cv5
images/synthbuster_plus_r1d1cf607t__raise1k.png,0,raise1k,0.481082,out_of_fold_cv5
images/synthbuster_plus_r1d2bb70at__stable_diffusion_xl.png,1,stable-diffusion-xl,0.743367,out_of_fold_cv5
images/synthbuster_plus_r1d4377f7t__FLUX_1_dev.png,1,FLUX.1-dev,0.795149,out_of_fold_cv5
images/synthbuster_plus_r1d679eaet__raise1k.png,0,raise1k,0.21329,out_of_fold_cv5
images/synthbuster_plus_r1d6e15d3t__midjourney_v5.png,1,midjourney-v5,0.481699,out_of_fold_cv5
images/synthbuster_plus_r1d93553ct__stable_diffusion_1_4.png,1,stable-diffusion-1-4,0.364685,out_of_fold_cv5
images/synthbuster_plus_r1d9a31fct__raise1k.png,0,raise1k,0.666405,out_of_fold_cv5
images/synthbuster_plus_r1d9eaf70t__raise1k.png,0,raise1k,0.482336,out_of_fold_cv5
images/synthbuster_plus_r1da851e4t__stable_diffusion_2.png,1,stable-diffusion-2,0.586898,out_of_fold_cv5
images/synthbuster_plus_r1db351a2t__SD3_medium.png,1,SD3-medium,0.373602,out_of_fold_cv5
images/synthbuster_plus_r1ddc0c98t__raise1k.png,0,raise1k,0.306004,out_of_fold_cv5
images/synthbuster_plus_r1dea56e5t__SD3_medium.png,1,SD3-medium,0.500174,out_of_fold_cv5
images/synthbuster_plus_r1e14f45ct__raise1k.png,0,raise1k,0.643366,out_of_fold_cv5
images/synthbuster_plus_r1e52a39dt__SD3_medium.png,1,SD3-medium,0.554036,out_of_fold_cv5
images/synthbuster_plus_r1e69b067t__SD3_medium.png,1,SD3-medium,0.544144,out_of_fold_cv5
images/synthbuster_plus_r1e8e493ct__stable_diffusion_2.png,1,stable-diffusion-2,0.803827,out_of_fold_cv5
images/synthbuster_plus_r1ead3024t__stable_diffusion_1_3.png,1,stable-diffusion-1-3,0.580829,out_of_fold_cv5
images/synthbuster_plus_r1ebee709t__raise1k.png,0,raise1k,0.655786,out_of_fold_cv5
images/synthbuster_plus_r1ef15cb3t__raise1k.png,0,raise1k,0.270842,out_of_fold_cv5
images/synthbuster_plus_r1ef16e0dt__FLUX_1_dev.png,1,FLUX.1-dev,0.731245,out_of_fold_cv5
images/synthbuster_plus_r1efcf847t__raise1k.png,0,raise1k,0.231587,out_of_fold_cv5
images/synthbuster_plus_r1f1178cet__dalle3.png,1,dalle3,0.860113,out_of_fold_cv5
images/synthbuster_plus_r1f40decct__imagen3.png,1,imagen3,0.563573,out_of_fold_cv5
images/synthbuster_plus_r1f48d12dt__dalle2.png,1,dalle2,0.544929,out_of_fold_cv5
images/synthbuster_plus_r1f5ad4e0t__raise1k.png,0,raise1k,0.281392,out_of_fold_cv5
