path,label,split,p_detector,generator,perturbation
images/coco_val2017_112798__real_coco.png,0,calibration,0.264762,,original
images/coco_val2017_114871__real_coco.png,0,calibration,0.588833,,original
images/coco_val2017_117492__jpeg_q50.jpg,0,calibration,0.197747,,original
images/coco_val2017_117492__jpeg_q75.jpg,0,calibration,0.263209,,original
images/coco_val2017_117492__jpeg_q95.jpg,0,calibration,0.231186,,original
images/coco_val2017_117492__real_coco.png,0,calibration,0.279318,,original
images/coco_val2017_117492__resize_half.png,0,calibration,0.255431,,original
images/coco_val2017_117492__screenshot.jpg,0,calibration,0.385167,,original
images/coco_val2017_119038__real_coco.png,0,calibration,0.605914,,original
images/coco_val2017_122046__real_coco.png,0,test,0.332621,,original
images/coco_val2017_132116__jpeg_q50.jpg,0,calibration,0.404442,,original
images/coco_val2017_132116__jpeg_q75.jpg,0,calibration,0.282672,,original
images/coco_val2017_132116__jpeg_q95.jpg,0,calibration,0.261813,,original
images/coco_val2017_132116__real_coco.png,0,calibration,0.273091,,original
images/coco_val2017_132116__resize_half.png,0,calibration,0.297614,,original
images/coco_val2017_132116__screenshot.jpg,0,calibration,0.354229,,original
images/coco_val2017_142472__real_coco.png,0,calibration,0.607845,,original
images/coco_val2017_1425__real_coco.png,0,test,0.69702,,original
images/coco_val2017_143931__real_coco.png,0,test,0.557858,,original
images/coco_val2017_143998__real_coco.png,0,test,0.68544,,original
images/coco_val2017_145665__real_coco.png,0,calibration,0.304539,,original
images/coco_val2017_147740__jpeg_q50.jpg,0,calibration,0.134767,,original
images/coco_val2017_147740__jpeg_q75.jpg,0,calibration,0.190311,,original
images/coco_val2017_147740__jpeg_q95.jpg,0,calibration,0.17094,,original
images/coco_val2017_147740__real_coco.png,0,calibration,0.15871,,original
images/coco_val2017_147740__resize_half.png,0,calibration,0.291091,,original
images/coco_val2017_147740__screenshot.jpg,0,calibration,0.253823,,original
images/coco_val2017_15254__real_coco.png,0,calibration,0.361017,,original
images/coco_val2017_153632__jpeg_q50.jpg,0,calibration,0.228412,,original
images/coco_val2017_153632__jpeg_q75.jpg,0,calibration,0.396422,,original
images/coco_val2017_153632__jpeg_q95.jpg,0,calibration,0.442161,,original
images/coco_val2017_153632__real_coco.png,0,calibration,0.410614,,original
images/coco_val2017_153632__resize_half.png,0,calibration,0.318602,,original
images/coco_val2017_153632__screenshot.jpg,0,calibration,0.203812,,original
images/coco_val2017_158548__real_coco.png,0,test,0.669928,,original
images/coco_val2017_163290__jpeg_q50.jpg,0,test,0.807622,,original
images/coco_val2017_163290__jpeg_q75.jpg,0,test,0.664868,,original
images/coco_val2017_163290__jpeg_q95.jpg,0,test,0.727202,,original
images/coco_val2017_163290__real_coco.png,0,test,0.694298,,original
images/coco_val2017_163290__resize_half.png,0,test,0.596695,,original
images/coco_val2017_163290__screenshot.jpg,0,test,0.564038,,original
images/coco_val2017_165257__jpeg_q50.jpg,0,test,0.389739,,original
images/coco_val2017_165257__jpeg_q75.jpg,0,test,0.316565,,original
images/coco_val2017_165257__jpeg_q95.jpg,0,test,0.403836,,original
images/coco_val2017_165257__real_coco.png,0,test,0.363866,,original
images/coco_val2017_165257__resize_half.png,0,test,0.617654,,original
images/coco_val2017_165257__screenshot.jpg,0,test,0.69999,,original
images/coco_val2017_169996__real_coco.png,0,calibration,0.306375,,original
images/coco_val2017_174231__real_coco.png,0,test,0.370731,,original
images/coco_val2017_182805__real_coco.png,0,calibration,0.235617,,original
images/coco_val2017_191471__real_coco.png,0,test,0.495215,,original
images/coco_val2017_197004__jpeg_q50.jpg,0,test,0.547356,,original
images/coco_val2017_197004__jpeg_q75.jpg,0,test,0.616526,,original
images/coco_val2017_197004__jpeg_q95.jpg,0,test,0.584749,,original
images/coco_val2017_197004__real_coco.png,0,test,0.596725,,original
images/coco_val2017_197004__resize_half.png,0,test,0.640302,,original
images/coco_val2017_197004__screenshot.jpg,0,test,0.619678,,original
images/coco_val2017_198489__real_coco.png,0,calibration,0.470433,,original
images/coco_val2017_209222__real_coco.png,0,test,0.382706,,original
images/coco_val2017_212226__jpeg_q50.jpg,0,calibration,0.19053,,original
images/coco_val2017_212226__jpeg_q75.jpg,0,calibration,0.211936,,original
images/coco_val2017_212226__jpeg_q95.jpg,0,calibration,0.225577,,original
images/coco_val2017_212226__real_coco.png,0,calibration,0.371122,,original
images/coco_val2017_212226__resize_half.png,0,calibration,0.470818,,original
images/coco_val2017_212226__screenshot.jpg,0,calibration,0.379149,,original
images/coco_val2017_219485__real_coco.png,0,test,0.911914,,original
images/coco_val2017_228144__real_coco.png,0,test,0.527421,,original
images/coco_val2017_231237__real_coco.png,0,test,0.232777,,original
images/coco_val2017_231527__real_coco.png,0,test,0.581074,,original
images/coco_val2017_231879__jpeg_q50.jpg,0,test,0.443122,,original
images/coco_val2017_231879__jpeg_q75.jpg,0,test,0.33095,,original
images/coco_val2017_231879__jpeg_q95.jpg,0,test,0.247021,,original
images/coco_val2017_231879__real_coco.png,0,test,0.259517,,original
images/coco_val2017_231879__resize_half.png,0,test,0.514009,,original
images/coco_val2017_231879__screenshot.jpg,0,test,0.645012,,original
images/coco_val2017_245513__real_coco.png,0,calibration,0.578062,,original
images/coco_val2017_246883__real_coco.png,0,test,0.260341,,original
images/coco_val2017_253433__real_coco.png,0,calibration,0.207756,,original
images/coco_val2017_280891__real_coco.png,0,test,0.259706,,original
images/coco_val2017_288584__jpeg_q50.jpg,0,test,0.473591,,original
images/coco_val2017_288584__jpeg_q75.jpg,0,test,0.468609,,original
images/coco_val2017_288584__jpeg_q95.jpg,0,test,0.519311,,original
images/coco_val2017_288584__real_coco.png,0,test,0.572278,,original
images/coco_val2017_288584__resize_half.png,0,test,0.415133,,original
images/coco_val2017_288584__screenshot.jpg,0,test,0.344718,,original
images/coco_val2017_289659__jpeg_q50.jpg,0,test,0.328152,,original
images/coco_val2017_289659__jpeg_q75.jpg,0,test,0.539519,,original
images/coco_val2017_289659__jpeg_q95.jpg,0,test,0.458705,,original
images/coco_val2017_289659__real_coco.png,0,test,0.49986,,original
images/coco_val2017_289659__resize_half.png,0,test,0.728837,,original
images/coco_val2017_289659__screenshot.jpg,0,test,0.668882,,original
images/coco_val2017_295420__jpeg_q50.jpg,0,calibration,0.189675,,original
images/coco_val2017_295420__jpeg_q75.jpg,0,calibration,0.371271,,original
images/coco_val2017_295420__jpeg_q95.jpg,0,calibration,0.241023,,original
images/coco_val2017_295420__real_coco.png,0,calibration,0.271898,,original
images/coco_val2017_295420__resize_half.png,0,calibration,0.314826,,original
images/coco_val2017_295420__screenshot.jpg,0,calibration,0.413661,,original
images/coco_val2017_297595__real_coco.png,0,test,0.607153,,original
images/coco_val2017_30213__real_coco.png,0,calibration,0.340574,,original
images/coco_val2017_309452__real_coco.png,0,calibration,0.26849,,original
images/coco_val2017_311909__real_coco.png,0,test,0.817882,,original
images/coco_val2017_314294__jpeg_q50.jpg,0,test,0.299831,,original
images/coco_val2017_314294__jpeg_q75.jpg,0,test,0.244823,,original
images/coco_val2017_314294__jpeg_q95.jpg,0,test,0.319868,,original
images/coco_val2017_314294__real_coco.png,0,test,0.310879,,original
images/coco_val2017_314294__resize_half.png,0,test,0.511886,,original
images/coco_val2017_314294__screenshot.jpg,0,test,0.429166,,original
images/coco_val2017_320425__real_coco.png,0,calibration,0.530832,,original
images/coco_val2017_321333__real_coco.png,0,calibration,0.447452,,original
images/coco_val2017_324927__real_coco.png,0,calibration,0.310476,,original
images/coco_val2017_32735__jpeg_q50.jpg,0,test,0.620316,,original
images/coco_val2017_32735__jpeg_q75.jpg,0,test,0.818267,,original
images/coco_val2017_32735__jpeg_q95.jpg,0,test,0.827565,,original
images/coco_val2017_32735__real_coco.png,0,test,0.80498,,original
images/coco_val2017_32735__resize_half.png,0,test,0.849843,,original
images/coco_val2017_32735__screenshot.jpg,0,test,0.669015,,original
images/coco_val2017_330790__jpeg_q50.jpg,0,calibration,0.413794,,original
images/coco_val2017_330790__jpeg_q75.jpg,0,calibration,0.313917,,original
images/coco_val2017_330790__jpeg_q95.jpg,0,calibration,0.330092,,original
images/coco_val2017_330790__real_coco.png,0,calibration,0.366204,,original
images/coco_val2017_330790__resize_half.png,0,calibration,0.495052,,original
images/coco_val2017_330790__screenshot.jpg,0,calibration,0.412214,,original
images/coco_val2017_335328__jpeg_q50.jpg,0,test,0.710007,,original
images/coco_val2017_335328__jpeg_q75.jpg,0,test,0.632624,,original
images/coco_val2017_335328__jpeg_q95.jpg,0,test,0.843694,,original
images/coco_val2017_335328__real_coco.png,0,test,0.61185,,original
images/coco_val2017_335328__resize_half.png,0,test,0.5873,,original
images/coco_val2017_335328__screenshot.jpg,0,test,0.551698,,original
images/coco_val2017_346905__real_coco.png,0,test,0.729554,,original
images/coco_val2017_352491__real_coco.png,0,calibration,0.312556,,original
images/coco_val2017_353051__real_coco.png,0,test,0.389937,,original
images/coco_val2017_356261__real_coco.png,0,test,0.502021,,original
images/coco_val2017_357903__real_coco.png,0,calibration,0.267029,,original
images/coco_val2017_360951__real_coco.png,0,calibration,0.345593,,original
images/coco_val2017_36494__jpeg_q50.jpg,0,calibration,0.176549,,original
images/coco_val2017_36494__jpeg_q75.jpg,0,calibration,0.112336,,original
images/coco_val2017_36494__jpeg_q95.jpg,0,calibration,0.197151,,original
images/coco_val2017_36494__real_coco.png,0,calibration,0.19782,,original
images/coco_val2017_36494__resize_half.png,0,calibration,0.199997,,original
images/coco_val2017_36494__screenshot.jpg,0,calibration,0.160002,,original
images/coco_val2017_365745__jpeg_q50.jpg,0,test,0.371253,,original
images/coco_val2017_365745__jpeg_q75.jpg,0,test,0.444028,,original
images/coco_val2017_365745__jpeg_q95.jpg,0,test,0.462103,,original
images/coco_val2017_365745__real_coco.png,0,test,0.477906,,original
images/coco_val2017_365745__resize_half.png,0,test,0.333948,,original
images/coco_val2017_365745__screenshot.jpg,0,test,0.628133,,original
images/coco_val2017_3661__real_coco.png,0,calibration,0.412889,,original
images/coco_val2017_368900__jpeg_q50.jpg,0,calibration,0.451776,,original
images/coco_val2017_368900__jpeg_q75.jpg,0,calibration,0.392455,,original
images/coco_val2017_368900__jpeg_q95.jpg,0,calibration,0.278699,,original
images/coco_val2017_368900__real_coco.png,0,calibration,0.258758,,original
images/coco_val2017_368900__resize_half.png,0,calibration,0.3791,,original
images/coco_val2017_368900__screenshot.jpg,0,calibration,0.412862,,original
images/coco_val2017_376900__real_coco.png,0,test,0.358546,,original
images/coco_val2017_383838__real_coco.png,0,test,0.387722,,original
images/coco_val2017_384850__real_coco.png,0,test,0.286337,,original
images/coco_val2017_387383__real_coco.png,0,calibration,0.588865,,original
images/coco_val2017_389812__real_coco.png,0,calibration,0.285259,,original
images/coco_val2017_396568__real_coco.png,0,test,0.727479,,original
images/coco_val2017_405691__jpeg_q50.jpg,0,calibration,0.135353,,original
images/coco_val2017_405691__jpeg_q75.jpg,0,calibration,0.248342,,original
images/coco_val2017_405691__jpeg_q95.jpg,0,calibration,0.199336,,original
images/coco_val2017_405691__real_coco.png,0,calibration,0.220296,,original
images/coco_val2017_405691__resize_half.png,0,calibration,0.318481,,original
images/coco_val2017_405691__screenshot.jpg,0,calibration,0.167819,,original
images/coco_val2017_40757__real_coco.png,0,calibration,0.291533,,original
images/coco_val2017_409268__real_coco.png,0,calibration,0.327121,,original
images/coco_val2017_41488__real_coco.png,0,calibration,0.700518,,original
images/coco_val2017_415238__real_coco.png,0,test,0.48546,,original
images/coco_val2017_41872__real_coco.png,0,calibration,0.319142,,original
images/coco_val2017_424721__real_coco.png,0,test,0.116373,,original
images/coco_val2017_428280__jpeg_q50.jpg,0,test,0.60344,,original
images/coco_val2017_428280__jpeg_q75.jpg,0,test,0.548872,,original
images/coco_val2017_428280__jpeg_q95.jpg,0,test,0.609611,,original
images/coco_val2017_428280__real_coco.png,0,test,0.603347,,original
images/coco_val2017_428280__resize_half.png,0,test,0.747716,,original
images/coco_val2017_428280__screenshot.jpg,0,test,0.614529,,original
images/coco_val2017_433980__real_coco.png,0,test,0.84202,,original
images/coco_val2017_442323__real_coco.png,0,calibration,0.200751,,original
images/coco_val2017_459272__jpeg_q50.jpg,0,test,0.453706,,original
images/coco_val2017_459272__jpeg_q75.jpg,0,test,0.330992,,original
images/coco_val2017_459272__jpeg_q95.jpg,0,test,0.452848,,original
images/coco_val2017_459272__real_coco.png,0,test,0.433215,,original
images/coco_val2017_459272__resize_half.png,0,test,0.360445,,original
images/coco_val2017_459272__screenshot.jpg,0,test,0.32662,,original
images/coco_val2017_462371__real_coco.png,0,calibration,0.094262,,original
images/coco_val2017_463918__jpeg_q50.jpg,0,calibration,0.143534,,original
images/coco_val2017_463918__jpeg_q75.jpg,0,calibration,0.146853,,original
images/coco_val2017_463918__jpeg_q95.jpg,0,calibration,0.14272,,original
images/coco_val2017_463918__real_coco.png,0,calibration,0.180994,,original
images/coco_val2017_463918__resize_half.png,0,calibration,0.219905,,original
images/coco_val2017_463918__screenshot.jpg,0,calibration,0.185778,,original
images/coco_val2017_466156__real_coco.png,0,test,0.607272,,original
images/coco_val2017_481404__real_coco.png,0,calibration,0.312028,,original
images/coco_val2017_495054__real_coco.png,0,calibration,0.498103,,original
images/coco_val2017_496571__real_coco.png,0,test,0.353612,,original
images/coco_val2017_501523__real_coco.png,0,test,0.309968,,original
images/coco_val2017_5037__real_coco.png,0,test,0.5098,,original
images/coco_val2017_513688__real_coco.png,0,calibration,0.312719,,original
images/coco_val2017_526751__real_coco.png,0,calibration,0.523437,,original
images/coco_val2017_529528__real_coco.png,0,test,0.464318,,original
images/coco_val2017_539962__real_coco.png,0,test,0.462922,,original
images/coco_val2017_552842__real_coco.png,0,test,0.398221,,original
images/coco_val2017_555005__jpeg_q50.jpg,0,test,0.434473,,original
images/coco_val2017_555005__jpeg_q75.jpg,0,test,0.470782,,original
images/coco_val2017_555005__jpeg_q95.jpg,0,test,0.469148,,original
images/coco_val2017_555005__real_coco.png,0,test,0.459283,,original
images/coco_val2017_555005__resize_half.png,0,test,0.473659,,original
images/coco_val2017_555005__screenshot.jpg,0,test,0.429439,,original
images/coco_val2017_561335__jpeg_q50.jpg,0,test,0.434288,,original
images/coco_val2017_561335__jpeg_q75.jpg,0,test,0.466142,,original
images/coco_val2017_561335__jpeg_q95.jpg,0,test,0.503495,,original
images/coco_val2017_561335__real_coco.png,0,test,0.413886,,original
images/coco_val2017_561335__resize_half.png,0,test,0.541432,,original
images/coco_val2017_561335__screenshot.jpg,0,test,0.375905,,original
images/coco_val2017_574315__real_coco.png,0,calibration,0.274589,,original
images/coco_val2017_577584__real_coco.png,0,calibration,0.450536,,original
images/coco_val2017_578922__real_coco.png,0,calibration,0.385245,,original
images/coco_val2017_62808__real_coco.png,0,calibration,0.117706,,original
images/coco_val2017_80340__real_coco.png,0,test,0.539706,,original
images/coco_val2017_81738__real_coco.png,0,calibration,0.386826,,original
images/coco_val2017_83540__real_coco.png,0,calibration,0.672752,,original
images/coco_val2017_885__jpeg_q50.jpg,0,calibration,0.247431,,original
images/coco_val2017_885__jpeg_q75.jpg,0,calibration,0.323035,,original
images/coco_val2017_885__jpeg_q95.jpg,0,calibration,0.246073,,original
images/coco_val2017_885__real_coco.png,0,calibration,0.30615,,original
images/coco_val2017_885__resize_half.png,0,calibration,0.360023,,original
images/coco_val2017_885__screenshot.jpg,0,calibration,0.18353,,original
images/coco_val2017_89045__real_coco.png,0,test,0.212775,,original
images/coco_val2017_95155__real_coco.png,0,test,0.527054,,original
images/synthbuster_plus_r002fc3e2t__midjourney_v5.png,1,test,0.54064,,original
images/synthbuster_plus_r00444b95t__raise1k.png,0,test,0.632769,,original
images/synthbuster_plus_r007f5116t__stable_diffusion_2.png,1,calibration,0.796696,,original
images/synthbuster_plus_r00879054t__raise1k.png,0,test,0.4671,,original
images/synthbuster_plus_r00a940e1t__raise1k.png,0,test,0.555298,,original
images/synthbuster_plus_r00b8d4a2t__jpeg_q50.jpg,0,test,0.768428,,original
images/synthbuster_plus_r00b8d4a2t__jpeg_q75.jpg,0,test,0.693361,,original
images/synthbuster_plus_r00b8d4a2t__jpeg_q95.jpg,0,test,0.747182,,original
images/synthbuster_plus_r00b8d4a2t__raise1k.png,0,test,0.687729,,original
images/synthbuster_plus_r00b8d4a2t__resize_half.png,0,test,0.665268,,original
images/synthbuster_plus_r00b8d4a2t__screenshot.jpg,0,test,0.602222,,original
images/synthbuster_plus_r00c0995ft__raise1k.png,0,calibration,0.549278,,original
images/synthbuster_plus_r00d161b7t__raise1k.png,0,test,0.239179,,original
images/synthbuster_plus_r010cb248t__FLUX_1_dev.png,1,test,0.817034,,original
images/synthbuster_plus_r01292fd8t__jpeg_q50.jpg,1,calibration,0.831882,,original
images/synthbuster_plus_r01292fd8t__jpeg_q75.jpg,1,calibration,0.85967,,original
images/synthbuster_plus_r01292fd8t__jpeg_q95.jpg,1,calibration,0.828624,,original
images/synthbuster_plus_r01292fd8t__firefly.png,1,calibration,0.891593,,original
images/synthbuster_plus_r01292fd8t__resize_half.png,1,calibration,0.837215,,original
images/synthbuster_plus_r01292fd8t__screenshot.jpg,1,calibration,0.745158,,original
images/synthbuster_plus_r012b0f30t__jpeg_q50.jpg,1,calibration,0.778493,,original
images/synthbuster_plus_r012b0f30t__jpeg_q75.jpg,1,calibration,0.989328,,original
images/synthbuster_plus_r012b0f30t__jpeg_q95.jpg,1,calibration,0.976441,,original
images/synthbuster_plus_r012b0f30t__stable_diffusion_2.png,1,calibration,0.983882,,original
images/synthbuster_plus_r012b0f30t__resize_half.png,1,calibration,0.983585,,original
images/synthbuster_plus_r012b0f30t__screenshot.jpg,1,calibration,0.864873,,original
images/synthbuster_plus_r012d1dbet__imagen3.png,1,test,0.541089,,original
images/synthbuster_plus_r0141f0c9t__jpeg_q50.jpg,1,test,0.591268,,original
images/synthbuster_plus_r0141f0c9t__jpeg_q75.jpg,1,test,0.589283,,original
images/synthbuster_plus_r0141f0c9t__jpeg_q95.jpg,1,test,0.573257,,original
images/synthbuster_plus_r0141f0c9t__stable_diffusion_2.png,1,test,0.589283,,original
images/synthbuster_plus_r0141f0c9t__resize_half.png,1,test,0.462415,,original
images/synthbuster_plus_r0141f0c9t__screenshot.jpg,1,test,0.464916,,original
images/synthbuster_plus_r01511e3et__glide.png,1,test,0.476985,,original
images/synthbuster_plus_r0176fbcat__raise1k.png,0,calibration,0.576676,,original
images/synthbuster_plus_r017904f0t__firefly.png,1,test,0.845655,,original
images/synthbuster_plus_r019eb1cbt__FLUX_1_dev.png,1,calibration,0.527339,,original
images/synthbuster_plus_r01a31693t__stable_diffusion_1_4.png,1,calibration,0.563083,,original
images/synthbuster_plus_r01a5f38at__jpeg_q50.jpg,1,calibration,0.679897,,original
images/synthbuster_plus_r01a5f38at__jpeg_q75.jpg,1,calibration,0.760729,,original
images/synthbuster_plus_r01a5f38at__jpeg_q95.jpg,1,calibration,0.710667,,original
images/synthbuster_plus_r01a5f38at__imagen3.png,1,calibration,0.767498,,original
images/synthbuster_plus_r01a5f38at__resize_half.png,1,calibration,0.805773,,original
images/synthbuster_plus_r01a5f38at__screenshot.jpg,1,calibration,0.585601,,original
images/synthbuster_plus_r01b3f004t__dalle2.png,1,test,0.316253,,original
images/synthbuster_plus_r01ef1b4at__jpeg_q50.jpg,1,calibration,0.856343,,original
images/synthbuster_plus_r01ef1b4at__jpeg_q75.jpg,1,calibration,0.923933,,original
images/synthbuster_plus_r01ef1b4at__jpeg_q95.jpg,1,calibration,0.929548,,original
images/synthbuster_plus_r01ef1b4at__FLUX_1_dev.png,1,calibration,0.877317,,original
images/synthbuster_plus_r01ef1b4at__resize_half.png,1,calibration,0.825392,,original
images/synthbuster_plus_r01ef1b4at__screenshot.jpg,1,calibration,0.894455,,original
images/synthbuster_plus_r0200a7a6t__midjourney_v5.png,1,calibration,0.90137,,original
images/synthbuster_plus_r0207a52ct__jpeg_q50.jpg,0,calibration,0.231028,,original
images/synthbuster_plus_r0207a52ct__jpeg_q75.jpg,0,calibration,0.303452,,original
images/synthbuster_plus_r0207a52ct__jpeg_q95.jpg,0,calibration,0.234899,,original
images/synthbuster_plus_r0207a52ct__raise1k.png,0,calibration,0.22357,,original
images/synthbuster_plus_r0207a52ct__resize_half.png,0,calibration,0.286799,,original
images/synthbuster_plus_r0207a52ct__screenshot.jpg,0,calibration,0.384484,,original
images/synthbuster_plus_r02508493t__glide.png,1,test,0.714642,,original
images/synthbuster_plus_r026b5360t__stable_diffusion_1_3.png,1,test,0.388158,,original
images/synthbuster_plus_r02897203t__dalle2.png,1,test,0.859118,,original
images/synthbuster_plus_r029afdb0t__midjourney_v5.png,1,calibration,0.588803,,original
images/synthbuster_plus_r02d732f8t__midjourney_v5.png,1,test,0.749405,,original
images/synthbuster_plus_r035ef2c2t__stable_diffusion_1_4.png,1,test,0.665707,,original
images/synthbuster_plus_r03640e97t__jpeg_q50.jpg,1,calibration,0.891855,,original
images/synthbuster_plus_r03640e97t__jpeg_q75.jpg,1,calibration,0.937866,,original
images/synthbuster_plus_r03640e97t__jpeg_q95.jpg,1,calibration,0.933088,,original
images/synthbuster_plus_r03640e97t__stable_diffusion_xl.png,1,calibration,0.920907,,original
images/synthbuster_plus_r03640e97t__resize_half.png,1,calibration,0.905864,,original
images/synthbuster_plus_r03640e97t__screenshot.jpg,1,calibration,0.87661,,original
images/synthbuster_plus_r036e2a9at__FLUX_1_schnell.png,1,calibration,0.877583,,original
images/synthbuster_plus_r0383e9c3t__jpeg_q50.jpg,1,test,0.401426,,original
images/synthbuster_plus_r0383e9c3t__jpeg_q75.jpg,1,test,0.403202,,original
images/synthbuster_plus_r0383e9c3t__jpeg_q95.jpg,1,test,0.382009,,original
images/synthbuster_plus_r0383e9c3t__stable_diffusion_1_3.png,1,test,0.327431,,original
images/synthbuster_plus_r0383e9c3t__resize_half.png,1,test,0.377539,,original
images/synthbuster_plus_r0383e9c3t__screenshot.jpg,1,test,0.345407,,original
images/synthbuster_plus_r03995a8ct__FLUX_1_schnell.png,1,calibration,0.583463,,original
images/synthbuster_plus_r039a5ef5t__jpeg_q50.jpg,1,test,0.5516,,original
images/synthbuster_plus_r039a5ef5t__jpeg_q75.jpg,1,test,0.711587,,original
images/synthbuster_plus_r039a5ef5t__jpeg_q95.jpg,1,test,0.700369,,original
images/synthbuster_plus_r039a5ef5t__stable_diffusion_1_4.png,1,test,0.684243,,original
images/synthbuster_plus_r039a5ef5t__resize_half.png,1,test,0.73424,,original
images/synthbuster_plus_r039a5ef5t__screenshot.jpg,1,test,0.559838,,original
images/synthbuster_plus_r03d2a758t__imagen3.png,1,test,0.473773,,original
images/synthbuster_plus_r03ed2669t__stable_diffusion_2.png,1,calibration,0.582874,,original
images/synthbuster_plus_r0417f5e3t__SD3_medium.png,1,test,0.437113,,original
images/synthbuster_plus_r042d5308t__stable_diffusion_1_3.png,1,test,0.775812,,original
images/synthbuster_plus_r0438eb97t__dalle3.png,1,calibration,0.448781,,original
images/synthbuster_plus_r045be2act__stable_diffusion_1_4.png,1,calibration,0.676198,,original
images/synthbuster_plus_r0465565ct__stable_diffusion_1_3.png,1,test,0.94317,,original
images/synthbuster_plus_r049f471dt__raise1k.png,0,calibration,0.553403,,original
images/synthbuster_plus_r04aceb4et__firefly.png,1,calibration,0.494751,,original
images/synthbuster_plus_r04c566a0t__raise1k.png,0,test,0.815865,,original
images/synthbuster_plus_r04cfa379t__raise1k.png,0,test,0.30732,,original
images/synthbuster_plus_r04e7644dt__jpeg_q50.jpg,1,test,0.74457,,original
images/synthbuster_plus_r04e7644dt__jpeg_q75.jpg,1,test,0.561698,,original
images/synthbuster_plus_r04e7644dt__jpeg_q95.jpg,1,test,0.599244,,original
images/synthbuster_plus_r04e7644dt__firefly.png,1,test,0.583328,,original
images/synthbuster_plus_r04e7644dt__resize_half.png,1,test,0.585541,,original
images/synthbuster_plus_r04e7644dt__screenshot.jpg,1,test,0.460591,,original
images/synthbuster_plus_r0518cf5dt__FLUX_1_schnell.png,1,test,0.281115,,original
images/synthbuster_plus_r056c0ee6t__stable_diffusion_xl.png,1,test,0.718893,,original
images/synthbuster_plus_r05772356t__raise1k.png,0,test,0.621022,,original
images/synthbuster_plus_r05839451t__stable_diffusion_2.png,1,test,0.925709,,original
images/synthbuster_plus_r05f66e6dt__raise1k.png,0,test,0.818058,,original
images/synthbuster_plus_r062cab38t__midjourney_v5.png,1,test,0.95543,,original
images/synthbuster_plus_r066358d3t__jpeg_q50.jpg,0,test,0.358799,,original
images/synthbuster_plus_r066358d3t__jpeg_q75.jpg,0,test,0.491493,,original
images/synthbuster_plus_r066358d3t__jpeg_q95.jpg,0,test,0.416768,,original
images/synthbuster_plus_r066358d3t__raise1k.png,0,test,0.360739,,original
images/synthbuster_plus_r066358d3t__resize_half.png,0,test,0.354195,,original
images/synthbuster_plus_r066358d3t__screenshot.jpg,0,test,0.200168,,original
images/synthbuster_plus_r0667a51ft__FLUX_1_schnell.png,1,test,0.306097,,original
images/synthbuster_plus_r068812d7t__SD3_medium.png,1,test,0.82909,,original
images/synthbuster_plus_r069e346et__jpeg_q50.jpg,1,calibration,0.609818,,original
images/synthbuster_plus_r069e346et__jpeg_q75.jpg,1,calibration,0.615948,,original
images/synthbuster_plus_r069e346et__jpeg_q95.jpg,1,calibration,0.681488,,original
images/synthbuster_plus_r069e346et__SD3_medium.png,1,calibration,0.69996,,original
images/synthbuster_plus_r069e346et__resize_half.png,1,calibration,0.756776,,original
images/synthbuster_plus_r069e346et__screenshot.jpg,1,calibration,0.71751,,original
images/synthbuster_plus_r06bfc92at__stable_diffusion_1_3.png,1,calibration,0.403738,,original
images/synthbuster_plus_r0744a10et__raise1k.png,0,test,0.723491,,original
images/synthbuster_plus_r0773471dt__raise1k.png,0,calibration,0.837655,,original
images/synthbuster_plus_r07b99141t__jpeg_q50.jpg,0,calibration,0.51594,,original
images/synthbuster_plus_r07b99141t__jpeg_q75.jpg,0,calibration,0.380237,,original
images/synthbuster_plus_r07b99141t__jpeg_q95.jpg,0,calibration,0.359794,,original
images/synthbuster_plus_r07b99141t__raise1k.png,0,calibration,0.404842,,original
images/synthbuster_plus_r07b99141t__resize_half.png,0,calibration,0.39986,,original
images/synthbuster_plus_r07b99141t__screenshot.jpg,0,calibration,0.310124,,original
images/synthbuster_plus_r07c51648t__raise1k.png,0,test,0.45659,,original
images/synthbuster_plus_r07db8a54t__raise1k.png,0,calibration,0.629264,,original
images/synthbuster_plus_r07df029bt__raise1k.png,0,calibration,0.3143,,original
images/synthbuster_plus_r07f99a1at__SD3_medium.png,1,test,0.448359,,original
images/synthbuster_plus_r08079988t__firefly.png,1,calibration,0.589672,,original
images/synthbuster_plus_r08307e1at__glide.png,1,calibration,0.831937,,original
images/synthbuster_plus_r083b7636t__dalle3.png,1,test,0.840537,,original
images/synthbuster_plus_r085a5f53t__jpeg_q50.jpg,1,test,0.636208,,original
images/synthbuster_plus_r085a5f53t__jpeg_q75.jpg,1,test,0.759215,,original
images/synthbuster_plus_r085a5f53t__jpeg_q95.jpg,1,test,0.756036,,original
images/synthbuster_plus_r085a5f53t__FLUX_1_dev.png,1,test,0.764871,,original
images/synthbuster_plus_r085a5f53t__resize_half.png,1,test,0.629645,,original
images/synthbuster_plus_r085a5f53t__screenshot.jpg,1,test,0.636227,,original
images/synthbuster_plus_r085bdbe2t__dalle2.png,1,test,0.201977,,original
images/synthbuster_plus_r08873591t__FLUX_1_dev.png,1,test,0.601825,,original
images/synthbuster_plus_r08b04f65t__jpeg_q50.jpg,1,calibration,0.714335,,original
images/synthbuster_plus_r08b04f65t__jpeg_q75.jpg,1,calibration,0.847278,,original
images/synthbuster_plus_r08b04f65t__jpeg_q95.jpg,1,calibration,0.891085,,original
images/synthbuster_plus_r08b04f65t__glide.png,1,calibration,0.771808,,original
images/synthbuster_plus_r08b04f65t__resize_half.png,1,calibration,0.856919,,original
images/synthbuster_plus_r08b04f65t__screenshot.jpg,1,calibration,0.693843,,original
images/synthbuster_plus_r08b05c94t__midjourney_v5.png,1,calibration,0.788961,,original
images/synthbuster_plus_r08b41f18t__dalle2.png,1,test,0.500123,,original
images/synthbuster_plus_r08c76321t__raise1k.png,0,calibration,0.398677,,original
images/synthbuster_plus_r096982ddt__raise1k.png,0,test,0.497439,,original
images/synthbuster_plus_r097088c1t__raise1k.png,0,calibration,0.421891,,original
images/synthbuster_plus_r0985dc6ct__glide.png,1,calibration,0.662679,,original
images/synthbuster_plus_r09b86185t__FLUX_1_dev.png,1,test,0.387013,,original
images/synthbuster_plus_r09d7cd4et__FLUX_1_dev.png,1,calibration,0.58648,,original
images/synthbuster_plus_r09f764ect__stable_diffusion_1_4.png,1,calibration,0.488735,,original
images/synthbuster_plus_r09ff1dcet__FLUX_1_dev.png,1,calibration,0.321245,,original
images/synthbuster_plus_r0a2e85f0t__stable_diffusion_2.png,1,test,0.66741,,original
images/synthbuster_plus_r0a3c52a0t__jpeg_q50.jpg,1,test,0.443705,,original
images/synthbuster_plus_r0a3c52a0t__jpeg_q75.jpg,1,test,0.463884,,original
images/synthbuster_plus_r0a3c52a0t__jpeg_q95.jpg,1,test,0.479412,,original
images/synthbuster_plus_r0a3c52a0t__firefly.png,1,test,0.343425,,original
images/synthbuster_plus_r0a3c52a0t__resize_half.png,1,test,0.349972,,original
images/synthbuster_plus_r0a3c52a0t__screenshot.jpg,1,test,0.460827,,original
images/synthbuster_plus_r0a5d7cb6t__dalle3.png,1,calibration,0.728375,,original
images/synthbuster_plus_r0a8b59bbt__stable_diffusion_1_3.png,1,calibration,0.844327,,original
images/synthbuster_plus_r0aaa70c3t__midjourney_v5.png,1,calibration,0.608569,,original
images/synthbuster_plus_r0ab0a205t__jpeg_q50.jpg,1,calibration,0.764897,,original
images/synthbuster_plus_r0ab0a205t__jpeg_q75.jpg,1,calibration,0.735111,,original
images/synthbuster_plus_r0ab0a205t__jpeg_q95.jpg,1,calibration,0.809087,,original
images/synthbuster_plus_r0ab0a205t__dalle3.png,1,calibration,0.859102,,original
images/synthbuster_plus_r0ab0a205t__resize_half.png,1,calibration,0.883197,,original
images/synthbuster_plus_r0ab0a205t__screenshot.jpg,1,calibration,0.582291,,original
images/synthbuster_plus_r0b0e2ba5t__dalle3.png,1,calibration,0.697533,,original
images/synthbuster_plus_r0b42926ct__dalle3.png,1,test,0.771429,,original
images/synthbuster_plus_r0b5a3035t__jpeg_q50.jpg,1,test,0.887763,,original
images/synthbuster_plus_r0b5a3035t__jpeg_q75.jpg,1,test,0.878394,,original
images/synthbuster_plus_r0b5a3035t__jpeg_q95.jpg,1,test,0.911241,,original
images/synthbuster_plus_r0b5a3035t__stable_diffusion_2.png,1,test,0.898697,,original
images/synthbuster_plus_r0b5a3035t__resize_half.png,1,test,0.865651,,original
images/synthbuster_plus_r0b5a3035t__screenshot.jpg,1,test,0.484535,,original
images/synthbuster_plus_r0b5b85d0t__firefly.png,1,calibration,0.438697,,original
images/synthbuster_plus_r0b755540t__jpeg_q50.jpg,1,test,0.365174,,original
images/synthbuster_plus_r0b755540t__jpeg_q75.jpg,1,test,0.418668,,original
images/synthbuster_plus_r0b755540t__jpeg_q95.jpg,1,test,0.3326,,original
images/synthbuster_plus_r0b755540t__FLUX_1_schnell.png,1,test,0.427144,,original
images/synthbuster_plus_r0b755540t__resize_half.png,1,test,0.43525,,original
images/synthbuster_plus_r0b755540t__screenshot.jpg,1,test,0.268698,,original
images/synthbuster_plus_r0bc1a779t__firefly.png,1,test,0.486821,,original
images/synthbuster_plus_r0bc7d0eet__dalle2.png,1,test,0.849874,,original
images/synthbuster_plus_r0bdc7894t__jpeg_q50.jpg,1,calibration,0.628383,,original
images/synthbuster_plus_r0bdc7894t__jpeg_q75.jpg,1,calibration,0.741652,,original
images/synthbuster_plus_r0bdc7894t__jpeg_q95.jpg,1,calibration,0.740701,,original
images/synthbuster_plus_r0bdc7894t__midjourney_v5.png,1,calibration,0.782358,,original
images/synthbuster_plus_r0bdc7894t__resize_half.png,1,calibration,0.767018,,original
images/synthbuster_plus_r0bdc7894t__screenshot.jpg,1,calibration,0.654028,,original
images/synthbuster_plus_r0bf7f938t__imagen3.png,1,test,0.537314,,original
images/synthbuster_plus_r0c3a8ea0t__jpeg_q50.jpg,1,calibration,0.731148,,original
images/synthbuster_plus_r0c3a8ea0t__jpeg_q75.jpg,1,calibration,0.761104,,original
images/synthbuster_plus_r0c3a8ea0t__jpeg_q95.jpg,1,calibration,0.675517,,original
images/synthbuster_plus_r0c3a8ea0t__FLUX_1_schnell.png,1,calibration,0.842573,,original
images/synthbuster_plus_r0c3a8ea0t__resize_half.png,1,calibration,0.816478,,original
images/synthbuster_plus_r0c3a8ea0t__screenshot.jpg,1,calibration,0.593612,,original
images/synthbuster_plus_r0c5e9567t__raise1k.png,0,calibration,0.346542,,original
images/synthbuster_plus_r0c764979t__jpeg_q50.jpg,1,calibration,0.60626,,original
images/synthbuster_plus_r0c764979t__jpeg_q75.jpg,1,calibration,0.505827,,original
images/synthbuster_plus_r0c764979t__jpeg_q95.jpg,1,calibration,0.605658,,original
images/synthbuster_plus_r0c764979t__glide.png,1,calibration,0.571272,,original
images/synthbuster_plus_r0c764979t__resize_half.png,1,calibration,0.787591,,original
images/synthbuster_plus_r0c764979t__screenshot.jpg,1,calibration,0.812421,,original
images/synthbuster_plus_r0c8f3ce5t__jpeg_q50.jpg,1,calibration,0.947588,,original
images/synthbuster_plus_r0c8f3ce5t__jpeg_q75.jpg,1,calibration,0.952461,,original
images/synthbuster_plus_r0c8f3ce5t__jpeg_q95.jpg,1,calibration,0.949512,,original
images/synthbuster_plus_r0c8f3ce5t__firefly.png,1,calibration,0.956813,,original
images/synthbuster_plus_r0c8f3ce5t__resize_half.png,1,calibration,0.935628,,original
images/synthbuster_plus_r0c8f3ce5t__screenshot.jpg,1,calibration,0.94726,,original
images/synthbuster_plus_r0c925d34t__dalle3.png,1,test,0.80947,,original
images/synthbuster_plus_r0c9e4ff8t__raise1k.png,0,calibration,0.189965,,original
images/synthbuster_plus_r0cbdc6f8t__jpeg_q50.jpg,0,calibration,0.754028,,original
images/synthbuster_plus_r0cbdc6f8t__jpeg_q75.jpg,0,calibration,0.209281,,original
images/synthbuster_plus_r0cbdc6f8t__jpeg_q95.jpg,0,calibration,0.403073,,original
images/synthbuster_plus_r0cbdc6f8t__raise1k.png,0,calibration,0.255858,,original
images/synthbuster_plus_r0cbdc6f8t__resize_half.png,0,calibration,0.266633,,original
images/synthbuster_plus_r0cbdc6f8t__screenshot.jpg,0,calibration,0.420499,,original
images/synthbuster_plus_r0cea5432t__raise1k.png,0,test,0.764437,,original
images/synthbuster_plus_r0d0ff43at__stable_diffusion_1_3.png,1,calibration,0.504958,,original
images/synthbuster_plus_r0d0ff4c2t__raise1k.png,0,test,0.800567,,original
images/synthbuster_plus_r0d1dd61ft__stable_diffusion_xl.png,1,test,0.907289,,original
images/synthbuster_plus_r0d8d62edt__stable_diffusion_1_4.png,1,test,0.431309,,original
images/synthbuster_plus_r0db31c3ft__SD3_medium.png,1,calibration,0.945906,,original
images/synthbuster_plus_r0db6cc31t__jpeg_q50.jpg,0,test,0.344962,,original
images/synthbuster_plus_r0db6cc31t__jpeg_q75.jpg,0,test,0.227879,,original
images/synthbuster_plus_r0db6cc31t__jpeg_q95.jpg,0,test,0.352714,,original
images/synthbuster_plus_r0db6cc31t__raise1k.png,0,test,0.343027,,original
images/synthbuster_plus_r0db6cc31t__resize_half.png,0,test,0.39245,,original
images/synthbuster_plus_r0db6cc31t__screenshot.jpg,0,test,0.183134,,original
images/synthbuster_plus_r0dd60980t__firefly.png,1,test,0.891353,,original
images/synthbuster_plus_r0dd6e8f4t__raise1k.png,0,calibration,0.17842,,original
images/synthbuster_plus_r0dd7b354t__firefly.png,1,test,0.403562,,original
images/synthbuster_plus_r0deb6dadt__raise1k.png,0,calibration,0.400591,,original
images/synthbuster_plus_r0e04cc91t__dalle3.png,1,calibration,0.824724,,original
images/synthbuster_plus_r0e1a6e2ft__FLUX_1_schnell.png,1,test,0.571747,,original
images/synthbuster_plus_r0e9b0485t__FLUX_1_dev.png,1,calibration,0.615697,,original
images/synthbuster_plus_r0eab8214t__FLUX_1_dev.png,1,calibration,0.295047,,original
images/synthbuster_plus_r0eb8dfb5t__FLUX_1_schnell.png,1,calibration,0.709574,,original
images/synthbuster_plus_r0ebb0bb4t__jpeg_q50.jpg,1,test,0.392498,,original
images/synthbuster_plus_r0ebb0bb4t__jpeg_q75.jpg,1,test,0.53613,,original
images/synthbuster_plus_r0ebb0bb4t__jpeg_q95.jpg,1,test,0.539479,,original
images/synthbuster_plus_r0ebb0bb4t__stable_diffusion_xl.png,1,test,0.600193,,original
images/synthbuster_plus_r0ebb0bb4t__resize_half.png,1,test,0.466996,,original
images/synthbuster_plus_r0ebb0bb4t__screenshot.jpg,1,test,0.243981,,original
images/synthbuster_plus_r0ed019a4t__jpeg_q50.jpg,1,calibration,0.664428,,original
images/synthbuster_plus_r0ed019a4t__jpeg_q75.jpg,1,calibration,0.792266,,original
images/synthbuster_plus_r0ed019a4t__jpeg_q95.jpg,1,calibration,0.736586,,original
images/synthbuster_plus_r0ed019a4t__glide.png,1,calibration,0.777492,,original
images/synthbuster_plus_r0ed019a4t__resize_half.png,1,calibration,0.830746,,original
images/synthbuster_plus_r0ed019a4t__screenshot.jpg,1,calibration,0.802121,,original
images/synthbuster_plus_r0edb165ft__jpeg_q50.jpg,1,calibration,0.806671,,original
images/synthbuster_plus_r0edb165ft__jpeg_q75.jpg,1,calibration,0.838459,,original
images/synthbuster_plus_r0edb165ft__jpeg_q95.jpg,1,calibration,0.851363,,original
images/synthbuster_plus_r0edb165ft__dalle3.png,1,calibration,0.856902,,original
images/synthbuster_plus_r0edb165ft__resize_half.png,1,calibration,0.850713,,original
images/synthbuster_plus_r0edb165ft__screenshot.jpg,1,calibration,0.675285,,original
images/synthbuster_plus_r0f2e6baft__FLUX_1_schnell.png,1,test,0.194841,,original
images/synthbuster_plus_r0f86049ct__raise1k.png,0,test,0.50262,,original
images/synthbuster_plus_r0f979863t__jpeg_q50.jpg,1,test,0.379857,,original
images/synthbuster_plus_r0f979863t__jpeg_q75.jpg,1,test,0.354162,,original
images/synthbuster_plus_r0f979863t__jpeg_q95.jpg,1,test,0.31911,,original
images/synthbuster_plus_r0f979863t__midjourney_v5.png,1,test,0.382217,,original
images/synthbuster_plus_r0f979863t__resize_half.png,1,test,0.342208,,original
images/synthbuster_plus_r0f979863t__screenshot.jpg,1,test,0.322836,,original
images/synthbuster_plus_r0fae3dbdt__glide.png,1,test,0.262209,,original
images/synthbuster_plus_r101eab0dt__jpeg_q50.jpg,1,test,0.693362,,original
images/synthbuster_plus_r101eab0dt__jpeg_q75.jpg,1,test,0.824865,,original
images/synthbuster_plus_r101eab0dt__jpeg_q95.jpg,1,test,0.812708,,original
images/synthbuster_plus_r101eab0dt__stable_diffusion_1_4.png,1,test,0.834362,,original
images/synthbuster_plus_r101eab0dt__resize_half.png,1,test,0.853575,,original
images/synthbuster_plus_r101eab0dt__screenshot.jpg,1,test,0.727263,,original
images/synthbuster_plus_r1023c21et__SD3_medium.png,1,test,0.817413,,original
images/synthbuster_plus_r104153eat__dalle2.png,1,test,0.865234,,original
images/synthbuster_plus_r10893508t__jpeg_q50.jpg,1,calibration,0.622646,,original
images/synthbuster_plus_r10893508t__jpeg_q75.jpg,1,calibration,0.65992,,original
images/synthbuster_plus_r10893508t__jpeg_q95.jpg,1,calibration,0.867167,,original
images/synthbuster_plus_r10893508t__FLUX_1_dev.png,1,calibration,0.589472,,original
images/synthbuster_plus_r10893508t__resize_half.png,1,calibration,0.819849,,original
images/synthbuster_plus_r10893508t__screenshot.jpg,1,calibration,0.822589,,original
images/synthbuster_plus_r108ae9b6t__raise1k.png,0,test,0.499142,,original
images/synthbuster_plus_r10940798t__raise1k.png,0,calibration,0.742845,,original
images/synthbuster_plus_r10a207det__dalle3.png,1,test,0.613915,,original
images/synthbuster_plus_r10a9ca2at__raise1k.png,0,test,0.630026,,original
images/synthbuster_plus_r10f2ac48t__firefly.png,1,test,0.885225,,original
images/synthbuster_plus_r110f894ft__raise1k.png,0,test,0.774416,,original
images/synthbuster_plus_r1126b615t__raise1k.png,0,calibration,0.380859,,original
images/synthbuster_plus_r113402d4t__dalle2.png,1,calibration,0.755856,,original
images/synthbuster_plus_r1138e1aft__stable_diffusion_xl.png,1,test,0.691665,,original
images/synthbuster_plus_r113b7fb4t__dalle3.png,1,test,0.48847,,original
images/synthbuster_plus_r11a5b93dt__imagen3.png,1,calibration,0.807453,,original
images/synthbuster_plus_r11aa1ee3t__jpeg_q50.jpg,1,test,0.489544,,original
images/synthbuster_plus_r11aa1ee3t__jpeg_q75.jpg,1,test,0.44104,,original
images/synthbuster_plus_r11aa1ee3t__jpeg_q95.jpg,1,test,0.498475,,original
images/synthbuster_plus_r11aa1ee3t__firefly.png,1,test,0.46578,,original
images/synthbuster_plus_r11aa1ee3t__resize_half.png,1,test,0.424455,,original
images/synthbuster_plus_r11aa1ee3t__screenshot.jpg,1,test,0.369895,,original
images/synthbuster_plus_r11d981d2t__dalle2.png,1,test,0.762599,,original
images/synthbuster_plus_r1218b33at__jpeg_q50.jpg,1,test,0.367939,,original
images/synthbuster_plus_r1218b33at__jpeg_q75.jpg,1,test,0.839098,,original
images/synthbuster_plus_r1218b33at__jpeg_q95.jpg,1,test,0.508612,,original
images/synthbuster_plus_r1218b33at__stable_diffusion_2.png,1,test,0.432555,,original
images/synthbuster_plus_r1218b33at__resize_half.png,1,test,0.403297,,original
images/synthbuster_plus_r1218b33at__screenshot.jpg,1,test,0.835724,,original
images/synthbuster_plus_r121f7893t__glide.png,1,test,0.733256,,original
images/synthbuster_plus_r123ca9b3t__imagen3.png,1,calibration,0.686319,,original
images/synthbuster_plus_r125034a9t__stable_diffusion_1_3.png,1,calibration,0.389676,,original
images/synthbuster_plus_r125442fat__dalle2.png,1,test,0.306425,,original
images/synthbuster_plus_r12c1798bt__jpeg_q50.jpg,1,calibration,0.960178,,original
images/synthbuster_plus_r12c1798bt__jpeg_q75.jpg,1,calibration,0.960207,,original
images/synthbuster_plus_r12c1798bt__jpeg_q95.jpg,1,calibration,0.929796,,original
images/synthbuster_plus_r12c1798bt__FLUX_1_dev.png,1,calibration,0.962365,,original
images/synthbuster_plus_r12c1798bt__resize_half.png,1,calibration,0.927755,,original
images/synthbuster_plus_r12c1798bt__screenshot.jpg,1,calibration,0.828576,,original
images/synthbuster_plus_r12daa983t__jpeg_q50.jpg,1,calibration,0.603257,,original
images/synthbuster_plus_r12daa983t__jpeg_q75.jpg,1,calibration,0.644071,,original
images/synthbuster_plus_r12daa983t__jpeg_q95.jpg,1,calibration,0.59751,,original
images/synthbuster_plus_r12daa983t__stable_diffusion_1_4.png,1,calibration,0.596695,,original
images/synthbuster_plus_r12daa983t__resize_half.png,1,calibration,0.551412,,original
images/synthbuster_plus_r12daa983t__screenshot.jpg,1,calibration,0.642597,,original
images/synthbuster_plus_r12f02af5t__imagen3.png,1,test,0.814633,,original
images/synthbuster_plus_r131a8f7et__glide.png,1,calibration,0.793189,,original
images/synthbuster_plus_r1322c4d6t__FLUX_1_schnell.png,1,test,0.383393,,original
images/synthbuster_plus_r13493fa3t__glide.png,1,test,0.438418,,original
images/synthbuster_plus_r134ba6abt__jpeg_q50.jpg,1,calibration,0.739274,,original
images/synthbuster_plus_r134ba6abt__jpeg_q75.jpg,1,calibration,0.860539,,original
images/synthbuster_plus_r134ba6abt__jpeg_q95.jpg,1,calibration,0.849736,,original
images/synthbuster_plus_r134ba6abt__stable_diffusion_xl.png,1,calibration,0.852167,,original
images/synthbuster_plus_r134ba6abt__resize_half.png,1,calibration,0.774577,,original
images/synthbuster_plus_r134ba6abt__screenshot.jpg,1,calibration,0.639323,,original
images/synthbuster_plus_r13907965t__stable_diffusion_1_3.png,1,test,0.575294,,original
images/synthbuster_plus_r13934dc7t__FLUX_1_schnell.png,1,calibration,0.608481,,original
images/synthbuster_plus_r13ae7d1et__jpeg_q50.jpg,1,test,0.239942,,original
images/synthbuster_plus_r13ae7d1et__jpeg_q75.jpg,1,test,0.165375,,original
images/synthbuster_plus_r13ae7d1et__jpeg_q95.jpg,1,test,0.215455,,original
images/synthbuster_plus_r13ae7d1et__midjourney_v5.png,1,test,0.223404,,original
images/synthbuster_plus_r13ae7d1et__resize_half.png,1,test,0.293028,,original
images/synthbuster_plus_r13ae7d1et__screenshot.jpg,1,test,0.322713,,original
images/synthbuster_plus_r13b45303t__imagen3.png,1,calibration,0.631994,,original
images/synthbuster_plus_r13c7e92dt__raise1k.png,0,test,0.933083,,original
images/synthbuster_plus_r13f26c35t__stable_diffusion_1_4.png,1,test,0.738588,,original
images/synthbuster_plus_r141665bdt__stable_diffusion_xl.png,1,calibration,0.621624,,original
images/synthbuster_plus_r142335f0t__SD3_medium.png,1,calibration,0.685843,,original
images/synthbuster_plus_r142787e2t__imagen3.png,1,calibration,0.538124,,original
images/synthbuster_plus_r142b504bt__SD3_medium.png,1,calibration,0.526413,,original
images/synthbuster_plus_r144e095dt__jpeg_q50.jpg,0,test,0.132333,,original
images/synthbuster_plus_r144e095dt__jpeg_q75.jpg,0,test,0.208118,,original
images/synthbuster_plus_r144e095dt__jpeg_q95.jpg,0,test,0.192547,,original
images/synthbuster_plus_r144e095dt__raise1k.png,0,test,0.22025,,original
images/synthbuster_plus_r144e095dt__resize_half.png,0,test,0.204907,,original
images/synthbuster_plus_r144e095dt__screenshot.jpg,0,test,0.1219,,original
images/synthbuster_plus_r144f25eet__imagen3.png,1,test,0.244529,,original
images/synthbuster_plus_r14a51689t__dalle3.png,1,test,0.453427,,original
images/synthbuster_plus_r14a595b6t__jpeg_q50.jpg,1,test,0.350474,,original
images/synthbuster_plus_r14a595b6t__jpeg_q75.jpg,1,test,0.493315,,original
images/synthbuster_plus_r14a595b6t__jpeg_q95.jpg,1,test,0.381389,,original
images/synthbuster_plus_r14a595b6t__stable_diffusion_1_3.png,1,test,0.45749,,original
images/synthbuster_plus_r14a595b6t__resize_half.png,1,test,0.363481,,original
images/synthbuster_plus_r14a595b6t__screenshot.jpg,1,test,0.201108,,original
images/synthbuster_plus_r14df59fet__jpeg_q50.jpg,1,calibration,0.611704,,original
images/synthbuster_plus_r14df59fet__jpeg_q75.jpg,1,calibration,0.732819,,original
images/synthbuster_plus_r14df59fet__jpeg_q95.jpg,1,calibration,0.733093,,original
images/synthbuster_plus_r14df59fet__dalle3.png,1,calibration,0.73794,,original
images/synthbuster_plus_r14df59fet__resize_half.png,1,calibration,0.742079,,original
images/synthbuster_plus_r14df59fet__screenshot.jpg,1,calibration,0.478278,,original
images/synthbuster_plus_r14f241e4t__jpeg_q50.jpg,1,calibration,0.94459,,original
images/synthbuster_plus_r14f241e4t__jpeg_q75.jpg,1,calibration,0.815553,,original
images/synthbuster_plus_r14f241e4t__jpeg_q95.jpg,1,calibration,0.789786,,original
images/synthbuster_plus_r14f241e4t__dalle2.png,1,calibration,0.817439,,original
images/synthbuster_plus_r14f241e4t__resize_half.png,1,calibration,0.81178,,original
images/synthbuster_plus_r14f241e4t__screenshot.jpg,1,calibration,0.862072,,original
images/synthbuster_plus_r15499cd8t__raise1k.png,0,calibration,0.471087,,original
images/synthbuster_plus_r1570dd6at__glide.png,1,calibration,0.394832,,original
images/synthbuster_plus_r15885978t__jpeg_q50.jpg,0,test,0.643431,,original
images/synthbuster_plus_r15885978t__jpeg_q75.jpg,0,test,0.771342,,original
images/synthbuster_plus_r15885978t__jpeg_q95.jpg,0,test,0.799303,,original
images/synthbuster_plus_r15885978t__raise1k.png,0,test,0.76857,,original
images/synthbuster_plus_r15885978t__resize_half.png,0,test,0.820439,,original
images/synthbuster_plus_r15885978t__screenshot.jpg,0,test,0.549473,,original
images/synthbuster_plus_r15919202t__jpeg_q50.jpg,0,test,0.755094,,original
images/synthbuster_plus_r15919202t__jpeg_q75.jpg,0,test,0.725426,,original
images/synthbuster_plus_r15919202t__jpeg_q95.jpg,0,test,0.581952,,original
images/synthbuster_plus_r15919202t__raise1k.png,0,test,0.590164,,original
images/synthbuster_plus_r15919202t__resize_half.png,0,test,0.738384,,original
images/synthbuster_plus_r15919202t__screenshot.jpg,0,test,0.647737,,original
images/synthbuster_plus_r1594b4b3t__raise1k.png,0,calibration,0.345218,,original
images/synthbuster_plus_r159d3942t__raise1k.png,0,calibration,0.533334,,original
images/synthbuster_plus_r15efd876t__raise1k.png,0,test,0.281607,,original
images/synthbuster_plus_r15f07f9dt__dalle2.png,1,calibration,0.856142,,original
images/synthbuster_plus_r15f16465t__SD3_medium.png,1,test,0.350585,,original
images/synthbuster_plus_r1602555bt__SD3_medium.png,1,test,0.33521,,original
images/synthbuster_plus_r16113cc8t__raise1k.png,0,test,0.502359,,original
images/synthbuster_plus_r162b2209t__stable_diffusion_1_3.png,1,calibration,0.866388,,original
images/synthbuster_plus_r163967d4t__jpeg_q50.jpg,1,test,0.279926,,original
images/synthbuster_plus_r163967d4t__jpeg_q75.jpg,1,test,0.338669,,original
images/synthbuster_plus_r163967d4t__jpeg_q95.jpg,1,test,0.28104,,original
images/synthbuster_plus_r163967d4t__stable_diffusion_1_4.png,1,test,0.397937,,original
images/synthbuster_plus_r163967d4t__resize_half.png,1,test,0.417912,,original
images/synthbuster_plus_r163967d4t__screenshot.jpg,1,test,0.214378,,original
images/synthbuster_plus_r1639a65ct__raise1k.png,0,calibration,0.866331,,original
images/synthbuster_plus_r1644d874t__jpeg_q50.jpg,0,calibration,0.192936,,original
images/synthbuster_plus_r1644d874t__jpeg_q75.jpg,0,calibration,0.339208,,original
images/synthbuster_plus_r1644d874t__jpeg_q95.jpg,0,calibration,0.31014,,original
images/synthbuster_plus_r1644d874t__raise1k.png,0,calibration,0.30685,,original
images/synthbuster_plus_r1644d874t__resize_half.png,0,calibration,0.318922,,original
images/synthbuster_plus_r1644d874t__screenshot.jpg,0,calibration,0.323739,,original
images/synthbuster_plus_r1645a09ct__raise1k.png,0,calibration,0.152137,,original
images/synthbuster_plus_r165355c0t__jpeg_q50.jpg,1,calibration,0.560008,,original
images/synthbuster_plus_r165355c0t__jpeg_q75.jpg,1,calibration,0.729895,,original
images/synthbuster_plus_r165355c0t__jpeg_q95.jpg,1,calibration,0.618157,,original
images/synthbuster_plus_r165355c0t__SD3_medium.png,1,calibration,0.631294,,original
images/synthbuster_plus_r165355c0t__resize_half.png,1,calibration,0.868864,,original
images/synthbuster_plus_r165355c0t__screenshot.jpg,1,calibration,0.457606,,original
images/synthbuster_plus_r1661f358t__dalle2.png,1,calibration,0.814787,,original
images/synthbuster_plus_r16698b6et__jpeg_q50.jpg,1,calibration,0.861902,,original
images/synthbuster_plus_r16698b6et__jpeg_q75.jpg,1,calibration,0.904713,,original
images/synthbuster_plus_r16698b6et__jpeg_q95.jpg,1,calibration,0.836144,,original
images/synthbuster_plus_r16698b6et__stable_diffusion_2.png,1,calibration,0.904713,,original
images/synthbuster_plus_r16698b6et__resize_half.png,1,calibration,0.948263,,original
images/synthbuster_plus_r16698b6et__screenshot.jpg,1,calibration,0.924431,,original
images/synthbuster_plus_r1683028at__FLUX_1_dev.png,1,test,0.274987,,original
images/synthbuster_plus_r16d46fa3t__dalle2.png,1,calibration,0.68267,,original
images/synthbuster_plus_r16d6c35dt__stable_diffusion_1_3.png,1,test,0.251979,,original
images/synthbuster_plus_r170b020bt__jpeg_q50.jpg,0,calibration,0.232954,,original
images/synthbuster_plus_r170b020bt__jpeg_q75.jpg,0,calibration,0.32014,,original
images/synthbuster_plus_r170b020bt__jpeg_q95.jpg,0,calibration,0.289173,,original
images/synthbuster_plus_r170b020bt__raise1k.png,0,calibration,0.37311,,original
images/synthbuster_plus_r170b020bt__resize_half.png,0,calibration,0.389296,,original
images/synthbuster_plus_r170b020bt__screenshot.jpg,0,calibration,0.340654,,original
images/synthbuster_plus_r171eeaf8t__jpeg_q50.jpg,0,test,0.659534,,original
images/synthbuster_plus_r171eeaf8t__jpeg_q75.jpg,0,test,0.735177,,original
images/synthbuster_plus_r171eeaf8t__jpeg_q95.jpg,0,test,0.710656,,original
images/synthbuster_plus_r171eeaf8t__raise1k.png,0,test,0.728742,,original
images/synthbuster_plus_r171eeaf8t__resize_half.png,0,test,0.706018,,original
images/synthbuster_plus_r171eeaf8t__screenshot.jpg,0,test,0.546869,,original
images/synthbuster_plus_r173ee7e8t__jpeg_q50.jpg,1,test,0.760099,,original
images/synthbuster_plus_r173ee7e8t__jpeg_q75.jpg,1,test,0.77714,,original
images/synthbuster_plus_r173ee7e8t__jpeg_q95.jpg,1,test,0.76263,,original
images/synthbuster_plus_r173ee7e8t__dalle3.png,1,test,0.807409,,original
images/synthbuster_plus_r173ee7e8t__resize_half.png,1,test,0.776953,,original
images/synthbuster_plus_r173ee7e8t__screenshot.jpg,1,test,0.687786,,original
images/synthbuster_plus_r17492cd5t__stable_diffusion_2.png,1,calibration,0.910085,,original
images/synthbuster_plus_r175da907t__raise1k.png,0,calibration,0.150454,,original
images/synthbuster_plus_r179bb406t__FLUX_1_dev.png,1,calibration,0.599437,,original
images/synthbuster_plus_r17c76042t__FLUX_1_dev.png,1,test,0.793263,,original
images/synthbuster_plus_r17f60607t__stable_diffusion_xl.png,1,calibration,0.426998,,original
images/synthbuster_plus_r1800ab47t__imagen3.png,1,calibration,0.706246,,original
images/synthbuster_plus_r180bcbd7t__raise1k.png,0,calibration,0.422817,,original
images/synthbuster_plus_r1810ba7at__midjourney_v5.png,1,calibration,0.648852,,original
images/synthbuster_plus_r181768b7t__jpeg_q50.jpg,1,test,0.849742,,original
images/synthbuster_plus_r181768b7t__jpeg_q75.jpg,1,test,0.890962,,original
images/synthbuster_plus_r181768b7t__jpeg_q95.jpg,1,test,0.934425,,original
images/synthbuster_plus_r181768b7t__dalle3.png,1,test,0.923248,,original
images/synthbuster_plus_r181768b7t__resize_half.png,1,test,0.925694,,original
images/synthbuster_plus_r181768b7t__screenshot.jpg,1,test,0.770415,,original
images/synthbuster_plus_r1824034et__raise1k.png,0,calibration,0.666345,,original
images/synthbuster_plus_r18791531t__dalle3.png,1,test,0.374172,,original
images/synthbuster_plus_r18798194t__midjourney_v5.png,1,test,0.759991,,original
images/synthbuster_plus_r18d866e1t__jpeg_q50.jpg,1,calibration,0.831802,,original
images/synthbuster_plus_r18d866e1t__jpeg_q75.jpg,1,calibration,0.908728,,original
images/synthbuster_plus_r18d866e1t__jpeg_q95.jpg,1,calibration,0.76228,,original
images/synthbuster_plus_r18d866e1t__midjourney_v5.png,1,calibration,0.827461,,original
images/synthbuster_plus_r18d866e1t__resize_half.png,1,calibration,0.842031,,original
images/synthbuster_plus_r18d866e1t__screenshot.jpg,1,calibration,0.816409,,original
images/synthbuster_plus_r18fafe10t__stable_diffusion_xl.png,1,test,0.571672,,original
images/synthbuster_plus_r1900f7c7t__jpeg_q50.jpg,1,test,0.911621,,original
images/synthbuster_plus_r1900f7c7t__jpeg_q75.jpg,1,test,0.822425,,original
images/synthbuster_plus_r1900f7c7t__jpeg_q95.jpg,1,test,0.792207,,original
images/synthbuster_plus_r1900f7c7t__glide.png,1,test,0.815594,,original
images/synthbuster_plus_r1900f7c7t__resize_half.png,1,test,0.609853,,original
images/synthbuster_plus_r1900f7c7t__screenshot.jpg,1,test,0.55217,,original
images/synthbuster_plus_r191488c6t__jpeg_q50.jpg,1,test,0.652545,,original
images/synthbuster_plus_r191488c6t__jpeg_q75.jpg,1,test,0.865526,,original
images/synthbuster_plus_r191488c6t__jpeg_q95.jpg,1,test,0.862179,,original
images/synthbuster_plus_r191488c6t__imagen3.png,1,test,0.87008,,original
images/synthbuster_plus_r191488c6t__resize_half.png,1,test,0.879902,,original
images/synthbuster_plus_r191488c6t__screenshot.jpg,1,test,0.672024,,original
images/synthbuster_plus_r1915909et__jpeg_q50.jpg,1,calibration,0.923353,,original
images/synthbuster_plus_r1915909et__jpeg_q75.jpg,1,calibration,0.927478,,original
images/synthbuster_plus_r1915909et__jpeg_q95.jpg,1,calibration,0.914214,,original
images/synthbuster_plus_r1915909et__dalle2.png,1,calibration,0.903703,,original
images/synthbuster_plus_r1915909et__resize_half.png,1,calibration,0.922268,,original
images/synthbuster_plus_r1915909et__screenshot.jpg,1,calibration,0.83117,,original
images/synthbuster_plus_r19183258t__stable_diffusion_1_4.png,1,calibration,0.888973,,original
images/synthbuster_plus_r198ae140t__imagen3.png,1,test,0.669766,,original
images/synthbuster_plus_r19be5c05t__dalle2.png,1,test,0.284491,,original
images/synthbuster_plus_r19d92967t__jpeg_q50.jpg,1,calibration,0.641188,,original
images/synthbuster_plus_r19d92967t__jpeg_q75.jpg,1,calibration,0.708987,,original
images/synthbuster_plus_r19d92967t__jpeg_q95.jpg,1,calibration,0.605929,,original
images/synthbuster_plus_r19d92967t__stable_diffusion_1_4.png,1,calibration,0.660856,,original
images/synthbuster_plus_r19d92967t__resize_half.png,1,calibration,0.708884,,original
images/synthbuster_plus_r19d92967t__screenshot.jpg,1,calibration,0.446468,,original
images/synthbuster_plus_r1a170ddbt__jpeg_q50.jpg,1,calibration,0.834113,,original
images/synthbuster_plus_r1a170ddbt__jpeg_q75.jpg,1,calibration,0.792293,,original
images/synthbuster_plus_r1a170ddbt__jpeg_q95.jpg,1,calibration,0.759485,,original
images/synthbuster_plus_r1a170ddbt__firefly.png,1,calibration,0.734225,,original
images/synthbuster_plus_r1a170ddbt__resize_half.png,1,calibration,0.756338,,original
images/synthbuster_plus_r1a170ddbt__screenshot.jpg,1,calibration,0.770128,,original
images/synthbuster_plus_r1a2095b2t__FLUX_1_dev.png,1,test,0.616631,,original
images/synthbuster_plus_r1a60a2bdt__jpeg_q50.jpg,1,calibration,0.848294,,original
images/synthbuster_plus_r1a60a2bdt__jpeg_q75.jpg,1,calibration,0.843376,,original
images/synthbuster_plus_r1a60a2bdt__jpeg_q95.jpg,1,calibration,0.841632,,original
images/synthbuster_plus_r1a60a2bdt__FLUX_1_schnell.png,1,calibration,0.881689,,original
images/synthbuster_plus_r1a60a2bdt__resize_half.png,1,calibration,0.902654,,original
images/synthbuster_plus_r1a60a2bdt__screenshot.jpg,1,calibration,0.75645,,original
images/synthbuster_plus_r1a9acd94t__FLUX_1_schnell.png,1,calibration,0.560208,,original
images/synthbuster_plus_r1aa4cc99t__glide.png,1,test,0.847133,,original
images/synthbuster_plus_r1aa63558t__FLUX_1_schnell.png,1,calibration,0.68579,,original
images/synthbuster_plus_r1b106abdt__SD3_medium.png,1,calibration,0.757607,,original
images/synthbuster_plus_r1b57dbb2t__raise1k.png,0,test,0.617224,,original
images/synthbuster_plus_r1b61c7b1t__jpeg_q50.jpg,1,test,0.626078,,original
images/synthbuster_plus_r1b61c7b1t__jpeg_q75.jpg,1,test,0.6398,,original
images/synthbuster_plus_r1b61c7b1t__jpeg_q95.jpg,1,test,0.556542,,original
images/synthbuster_plus_r1b61c7b1t__FLUX_1_schnell.png,1,test,0.511985,,original
images/synthbuster_plus_r1b61c7b1t__resize_half.png,1,test,0.513767,,original
images/synthbuster_plus_r1b61c7b1t__screenshot.jpg,1,test,0.726075,,original
images/synthbuster_plus_r1bc355f2t__FLUX_1_schnell.png,1,test,0.58294,,original
images/synthbuster_plus_r1bc3dd23t__stable_diffusion_1_3.png,1,calibration,0.536714,,original
images/synthbuster_plus_r1bcfab73t__raise1k.png,0,calibration,0.51755,,original
images/synthbuster_plus_r1bdb6385t__midjourney_v5.png,1,calibration,0.412882,,original
images/synthbuster_plus_r1c146589t__jpeg_q50.jpg,1,calibration,0.808256,,original
images/synthbuster_plus_r1c146589t__jpeg_q75.jpg,1,calibration,0.823866,,original
images/synthbuster_plus_r1c146589t__jpeg_q95.jpg,1,calibration,0.863544,,original
images/synthbuster_plus_r1c146589t__dalle2.png,1,calibration,0.816866,,original
images/synthbuster_plus_r1c146589t__resize_half.png,1,calibration,0.85681,,original
images/synthbuster_plus_r1c146589t__screenshot.jpg,1,calibration,0.826105,,original
images/synthbuster_plus_r1c1e3ec9t__midjourney_v5.png,1,test,0.897369,,original
images/synthbuster_plus_r1c31a90bt__raise1k.png,0,calibration,0.221815,,original
images/synthbuster_plus_r1c402787t__raise1k.png,0,calibration,0.322637,,original
images/synthbuster_plus_r1c4ae120t__raise1k.png,0,test,0.673014,,original
images/synthbuster_plus_r1c5ec853t__firefly.png,1,calibration,0.364762,,original
images/synthbuster_plus_r1c9fc42at__raise1k.png,0,test,0.508357,,original
images/synthbuster_plus_r1c9fdcf4t__FLUX_1_schnell.png,1,test,0.702349,,original
images/synthbuster_plus_r1ca0784dt__raise1k.png,0,calibration,0.303082,,original
images/synthbuster_plus_r1cfe520bt__stable_diffusion_xl.png,1,calibration,0.807457,,original
images/synthbuster_plus_r1d1445b6t__raise1k.png,0,test,0.484336,,original
images/synthbuster_plus_r1d1cf607t__jpeg_q50.jpg,0,calibration,0.240455,,original
images/synthbuster_plus_r1d1cf607t__jpeg_q75.jpg,0,calibration,0.235567,,original
images/synthbuster_plus_r1d1cf607t__jpeg_q95.jpg,0,calibration,0.272776,,original
images/synthbuster_plus_r1d1cf607t__raise1k.png,0,calibration,0.313094,,original
images/synthbuster_plus_r1d1cf607t__resize_half.png,0,calibration,0.264166,,original
images/synthbuster_plus_r1d1cf607t__screenshot.jpg,0,calibration,0.153981,,original
images/synthbuster_plus_r1d2bb70at__stable_diffusion_xl.png,1,test,0.691671,,original
images/synthbuster_plus_r1d4377f7t__FLUX_1_dev.png,1,test,0.85933,,original
images/synthbuster_plus_r1d679eaet__jpeg_q50.jpg,0,calibration,0.253804,,original
images/synthbuster_plus_r1d679eaet__jpeg_q75.jpg,0,calibration,0.241762,,original
images/synthbuster_plus_r1d679eaet__jpeg_q95.jpg,0,calibration,0.273728,,original
images/synthbuster_plus_r1d679eaet__raise1k.png,0,calibration,0.198897,,original
images/synthbuster_plus_r1d679eaet__resize_half.png,0,calibration,0.264191,,original
images/synthbuster_plus_r1d679eaet__screenshot.jpg,0,calibration,0.221728,,original
images/synthbuster_plus_r1d6e15d3t__midjourney_v5.png,1,test,0.315864,,original
images/synthbuster_plus_r1d93553ct__stable_diffusion_1_4.png,1,test,0.408022,,original
images/synthbuster_plus_r1d9a31fct__jpeg_q50.jpg,0,calibration,0.427864,,original
images/synthbuster_plus_r1d9a31fct__jpeg_q75.jpg,0,calibration,0.358458,,original
images/synthbuster_plus_r1d9a31fct__jpeg_q95.jpg,0,calibration,0.395149,,original
images/synthbuster_plus_r1d9a31fct__raise1k.png,0,calibration,0.352026,,original
images/synthbuster_plus_r1d9a31fct__resize_half.png,0,calibration,0.571869,,original
images/synthbuster_plus_r1d9a31fct__screenshot.jpg,0,calibration,0.571948,,original
images/synthbuster_plus_r1d9eaf70t__jpeg_q50.jpg,0,test,0.72011,,original
images/synthbuster_plus_r1d9eaf70t__jpeg_q75.jpg,0,test,0.550027,,original
images/synthbuster_plus_r1d9eaf70t__jpeg_q95.jpg,0,test,0.629678,,original
images/synthbuster_plus_r1d9eaf70t__raise1k.png,0,test,0.599367,,original
images/synthbuster_plus_r1d9eaf70t__resize_half.png,0,test,0.476861,,original
images/synthbuster_plus_r1d9eaf70t__screenshot.jpg,0,test,0.643366,,original
images/synthbuster_plus_r1da851e4t__stable_diffusion_2.png,1,test,0.603559,,original
images/synthbuster_plus_r1db351a2t__jpeg_q50.jpg,1,calibration,0.695133,,original
images/synthbuster_plus_r1db351a2t__jpeg_q75.jpg,1,calibration,0.674751,,original
images/synthbuster_plus_r1db351a2t__jpeg_q95.jpg,1,calibration,0.717603,,original
images/synthbuster_plus_r1db351a2t__SD3_medium.png,1,calibration,0.700159,,original
images/synthbuster_plus_r1db351a2t__resize_half.png,1,calibration,0.646525,,original
images/synthbuster_plus_r1db351a2t__screenshot.jpg,1,calibration,0.716874,,original
images/synthbuster_plus_r1ddc0c98t__raise1k.png,0,test,0.343254,,original
images/synthbuster_plus_r1dea56e5t__jpeg_q50.jpg,1,calibration,0.586068,,original
images/synthbuster_plus_r1dea56e5t__jpeg_q75.jpg,1,calibration,0.49843,,original
images/synthbuster_plus_r1dea56e5t__jpeg_q95.jpg,1,calibration,0.687068,,original
images/synthbuster_plus_r1dea56e5t__SD3_medium.png,1,calibration,0.612371,,original
images/synthbuster_plus_r1dea56e5t__resize_half.png,1,calibration,0.577421,,original
images/synthbuster_plus_r1dea56e5t__screenshot.jpg,1,calibration,0.552103,,original
images/synthbuster_plus_r1e14f45ct__raise1k.png,0,test,0.409961,,original
images/synthbuster_plus_r1e52a39dt__SD3_medium.png,1,test,0.569901,,original
images/synthbuster_plus_r1e69b067t__SD3_medium.png,1,test,0.801891,,original
images/synthbuster_plus_r1e8e493ct__stable_diffusion_2.png,1,calibration,0.943757,,original
images/synthbuster_plus_r1ead3024t__stable_diffusion_1_3.png,1,calibration,0.592304,,original
images/synthbuster_plus_r1ebee709t__raise1k.png,0,calibration,0.608582,,original
images/synthbuster_plus_r1ef15cb3t__raise1k.png,0,test,0.271583,,original
images/synthbuster_plus_r1ef16e0dt__FLUX_1_dev.png,1,test,0.562158,,original
images/synthbuster_plus_r1efcf847t__raise1k.png,0,calibration,0.120861,,original
images/synthbuster_plus_r1f1178cet__dalle3.png,1,calibration,0.92053,,original
images/synthbuster_plus_r1f40decct__imagen3.png,1,calibration,0.599502,,original
images/synthbuster_plus_r1f48d12dt__dalle2.png,1,calibration,0.547037,,original
images/synthbuster_plus_r1f5ad4e0t__raise1k.png,0,test,0.193605,,original
