path,verdict,ai_probability,confidence,classifier_probability,c2pa_present,c2pa_ai_declared,warnings,latency_ms,error
ai\icurgegkyuv.png,likely_ai,0.8074,high,0.8074,False,,thresholds_unfitted,349.98,
ai\images (1).jpg,likely_ai,0.9165,high,0.9165,False,,jpeg_recompressed_likely;thresholds_unfitted,154.41,
ai\images.jpg,likely_ai,0.9959,high,0.9959,False,,jpeg_recompressed_likely;thresholds_unfitted,152.04,
ai\uyntb.png,likely_ai,0.9997,high,0.9997,False,,thresholds_unfitted,334.04,
natural\nat00.jpg,likely_real,0.0274,medium,0.0274,False,,thresholds_unfitted,202.56,
natural\nat01.jpg,likely_real,0.0001,medium,0.0,False,,thresholds_unfitted,171.96,
natural\nat02.jpg,likely_real,0.0001,medium,0.0,False,,jpeg_recompressed_likely;thresholds_unfitted,161.73,
natural\nat03.jpg,likely_real,0.0001,medium,0.0,False,,thresholds_unfitted,181.27,
natural\nat04.jpg,likely_real,0.1241,medium,0.1241,False,,jpeg_recompressed_likely;thresholds_unfitted,177.98,
natural\nat05.jpg,likely_ai,0.9984,high,0.9984,False,,jpeg_recompressed_likely;thresholds_unfitted,170.94,
natural\nat06.jpg,likely_real,0.3385,low,0.3385,False,,jpeg_recompressed_likely;thresholds_unfitted,167.57,
natural\nat07.jpg,likely_real,0.0069,medium,0.0069,False,,thresholds_unfitted,174.84,
natural\nat08.jpg,likely_real,0.0001,medium,0.0,False,,jpeg_recompressed_likely;thresholds_unfitted,168.88,
natural\nat09.jpg,likely_real,0.0019,medium,0.0019,False,,thresholds_unfitted,170.28,
natural\nat10.jpg,likely_real,0.0093,medium,0.0093,False,,thresholds_unfitted,331.18,
natural\nat11.jpg,likely_ai,0.9993,high,0.9993,False,,jpeg_recompressed_likely;thresholds_unfitted,184.66,
rl\IMG-20260218-WA0001.jpg,likely_ai,0.9948,high,0.9948,False,,jpeg_recompressed_likely;thresholds_unfitted,186.51,
rl\IMG-20260411-WA0029(1).jpg,likely_ai,0.999,high,0.999,False,,jpeg_recompressed_likely;thresholds_unfitted,191.21,
